Vegan mincepie,Coffee
Tea,Farm House,Muffin
Muffin,Ellas Kitchen Pouches,Bread,Jam,Juice
Juice,Sandwich,Salad,Bread
Cake,Soup,Coffee,Sandwich,Smoothies
Medialuna,Bread
Tea,Coffee,Chocolates
Alfajores,Medialuna,Brownie
Alfajores,Coffee,Fudge
Pastry,Bread
Hearty & Seasonal,Alfajores,Coffee,Cake,Bread
Cake,Juice
Mineral water,Sandwich,Chicken Stew
Toast,Coffee,Cookies
Alfajores,Sandwich,Scone,Bread
Soup,Coffee,Jam
Tea,Sandwich,Salad,Bread
Alfajores,Sandwich,Fudge,Bread
Coffee,Coke,Salad
Coffee,Muffin,Jammie Dodgers,Juice,Bakewell,Tea,Smoothies
Tea,Bakewell,Soup
Cake,Tea,Farm House,Medialuna,Coffee
Hot chocolate,Tea,Eggs,Cake,Fudge,Bread
Soup,Coffee,Sandwich
Coffee,Brioche and salami,Bread
Tea,Medialuna,Brownie,Soup
Sandwich
Cake,Tea,Coffee,Sandwich
Farm House,Scone
Tacos/Fajita,Bread
Tea,Mineral water,Chicken Stew
Baguette,Pastry
Coffee,Sandwich,Hot chocolate
Eggs,Bread
Coffee,Medialuna,Eggs,Bread
Hot chocolate,Pastry
Soup,Tea
Alfajores,Coffee,Sandwich,Cookies,Bread
Coffee,Cookies,Bread
Pastry,Scone
Truffles,Pastry,Bread
Alfajores,Jammie Dodgers,Tiffin,Cake
Toast,Coffee,Smoothies
Cake,Tea,Coffee,Sandwich
Cake,Sandwich,Bread
Cake,Tea,Lemon and coconut,Bread
Tea,Hot chocolate,Tiffin,Bread
Alfajores,Vegan mincepie,Coffee,Bread
Tea,Cookies,Juice
Cake,Bread
Cookies,Bread
Muffin,Hot chocolate,Bread
Muffin,Coffee,Medialuna,Frittata,Bread
Toast,Tea,Coffee,Sandwich
Tacos/Fajita,Coke
Cake,Juice
Cake,Truffles,Sandwich
Cake,Soup,Coffee,Sandwich
Tartine,Tea,Coffee,Jam,Pastry
Cake,Tea,Coffee,Scone
Cake,Tea,Hot chocolate
Medialuna,Coffee,Bakewell
Alfajores,Coffee,Pastry
Coffee,Pastry
Tea,Hot chocolate,Granola,Sandwich,Spanish Brunch
Cake,Alfajores,Coffee,Bread
Spanish Brunch,Smoothies
Spanish Brunch,Coffee,Pastry,Bread
Alfajores,Muffin
Cake,Tea,Coke
Truffles,Coffee,Sandwich,Pastry
Scandinavian,Brownie,Bread
Cake,Coffee,Cookies,Bread
Juice,Scone,Bread
Cake,Coffee
Cake,Tea,Coffee,Bread,Jammie Dodgers
Cookies,Brownie,Coffee
Tea,Coffee,Frittata
Toast,Hot chocolate,Coffee,Bread
Tiffin,Sandwich
Cake,Juice,Coffee,Cookies
Truffles,Coffee,The Nomad,Muffin
Farm House,Medialuna,Pastry
Truffles,Spanish Brunch,Sandwich,Alfajores,Tea,Mineral water,Coffee
Cake,Hot chocolate,Coffee,Scone
Soup,Tea
Tea,Hot chocolate
Hot chocolate,Scone,Bread
Coffee,Fudge,Brownie
Tea,Coffee,Brownie,Farm House
Soup,Coffee
Hearty & Seasonal,Soup
Alfajores,Coffee,Farm House
Toast,Coffee,Sandwich,Spanish Brunch,Bread
Alfajores,Coffee,Hot chocolate
Farm House,Bread
Tiffin,Brownie,Farm House,Bread
Muffin,Smoothies
Juice,Brownie
Cake,Tea,Coffee
Keeping It Local,Coffee,Bread
Cake,Coffee,Dulce de Leche,Bread
Coffee,Sandwich
Muffin,Cookies,Spanish Brunch,Soup,Tea
Cake,Pastry,Bread
Alfajores,Muffin,Coffee,Pastry
Coffee,Eggs,Pastry,Bread
Coffee,Jam,Bread
Coffee,Brownie
Tea,Coke,Sandwich,Frittata
Alfajores,Bread
Cake,Vegan mincepie,Coffee,Bread
Cookies,Sandwich,Brownie,Bread
Cake,Coffee,Sandwich
Cake,Coke
Cake,Juice,Coffee,Bread
Muffin,Pastry
Honey,Tea,Coffee,Cookies
Hearty & Seasonal,Keeping It Local,Coffee
Tea,Hot chocolate,Truffles
Coffee,Hot chocolate,Bread
Cake,Spanish Brunch,Bread
Tea,Coffee,Scone
Bread Pudding,Soup,Coffee
Art Tray,Juice,Toast,Bread
Hot chocolate,Bread
Jammie Dodgers,Farm House
Tea,Coffee,Hot chocolate
Coffee,Brownie,Farm House
Farm House,Focaccia,Bread
Coffee,Sandwich,Pastry
Farm House,Medialuna,Eggs,Bread
Cookies,Pastry,Bread
Cake,Coffee,Tiffin,Spanish Brunch,The Nomad
Cake,Juice,Cookies,Coffee
Jammie Dodgers,Vegan mincepie
Coffee,Vegan Feast,Pastry
Alfajores,Medialuna,Pastry
Coffee,Medialuna,Cookies
Muffin,Pastry,Bread
Coffee,Cookies
Juice,Coffee,Sandwich
Tea,Coffee,Scandinavian
Coffee,Pastry
Farm House,Hot chocolate,Coffee
Soup,Coffee
Alfajores,Juice,Tacos/Fajita,Bread,Truffles
Cake,Tea,Coke
Cake,Bread
Cake,Pastry,Bread
Coffee,Bread
Jam,Spread,Bread
Farm House,Coffee
Cake,Muffin,Coffee
Eggs,Scandinavian
Cake,Juice,Tea
Tea,Bread
Muffin,Medialuna
Cake,Soup,Coffee
Coffee,Spanish Brunch,Scone
Tea,Coffee,Chicken Stew
Bread,Scone
Coffee,Bread
Cake,Coffee
Coffee,Salad
Juice,Cookies,Tea
Spanish Brunch,Bread,Scone
Cake,Juice,Coffee,Scone
Tea,Coffee,Medialuna,Art Tray
Coffee,Focaccia,Scandinavian
Cake,Alfajores,Coffee
Tea,Tiffin
Coffee,Pastry,Chicken Stew,Bread
Cake,Cookies,Hot chocolate,Coffee
Cake,Tea
Cake,Tea,Spanish Brunch,Bread
Jammie Dodgers,Coffee,Tea,Muffin
Alfajores,Brownie
Tea,Hot chocolate,Cookies
Coffee,Pastry,Bread
Coke,Sandwich
Coffee,Sandwich,Salad,Drinking chocolate spoons ,Mineral water,Juice
Coffee,Sandwich,Bread
Muesli,Cookies,Coffee,Tea
Soup,Smoothies,Sandwich
Juice,Coffee,Cookies,Scone
Toast,Coffee,Bread
Tiffin,Coffee,Bread
Coke,Bread
Cake,Coke
Coffee,Cookies,Bread
Cake,Alfajores,Pastry,Scone
Alfajores,Tea,Coffee,Bread
Cake,Brownie
Medialuna,Pastry
Juice,Coffee,Bakewell
Juice,Chicken Stew
Pastry,Bread
Truffles,Coffee,Pastry,Bread
Juice,Cookies,Coffee,Bread
Coffee,Brownie,Cookies,Bread
Farm House,Medialuna,Bread
Tea,Spanish Brunch
Tea,Sandwich
Coffee,Brownie,Bread
Tiffin,Mineral water
Coffee,Cookies,Scone
Alfajores,Coffee,Scone
Ellas Kitchen Pouches,Tea,Coffee,Medialuna,Bread
Cake,Coffee,Brownie
Medialuna,Focaccia,Scone
Toast,Tea,Sandwich
Toast,Coffee,Medialuna
Toast,Coffee
Cookies,Scandinavian
Soup,Spanish Brunch,Tea
Tea,Coke
Baguette,Coffee
Jam,Fudge
Muffin,Coffee
Cake,Coffee,Hot chocolate
Fudge,Focaccia,Bread
The Nomad,Pastry,Bread
Sandwich,Coffee,Medialuna,Tiffin,Bread
Juice,Coffee,Pastry
Tea,Coffee,Sandwich,Brownie,Bread
Fudge
Soup,Cookies
Truffles,Soup,Sandwich,Bread
Tea,Medialuna,Bread
Tea,Tiffin,Jammie Dodgers,Bread
Cake,Muffin,Bread
Cake
Jammie Dodgers,Coffee,Bread
Jam,Fudge,Bread
Alfajores,Pastry
Soup,Coffee,Pastry,Art Tray
Coke,Brownie
Muffin,Medialuna,Pastry
Juice,Coffee,Medialuna,Crisps
Hot chocolate,Sandwich
Empanadas,Tea
Juice,Cookies,Medialuna,Tea,Ellas Kitchen Pouches
Art Tray,Spanish Brunch,Coffee,Juice
Hot chocolate,Bread
Muffin,Brownie,Scandinavian
Alfajores,Truffles
Cake,Soup,Coffee
Tea,Cookies,Sandwich,Salad,Scone
Fudge,Focaccia,Panatone
Toast,Coffee,Granola
Cake,Vegan mincepie,Coffee
Tea,Coffee,Muffin
Soup,Hot chocolate
Tea,Focaccia,Scone
Hearty & Seasonal,Hot chocolate,Pick and Mix Bowls,Brownie
Cake,Coffee,Sandwich,Hot chocolate,Bread
Hearty & Seasonal,Tea,Coffee,Frittata
Tea,Spanish Brunch,Granola,Mineral water,Bread
Toast,Tea,Coffee
Hearty & Seasonal,Truffles
Muffin,Coffee,Pastry,Tea
Cake,Alfajores,Hot chocolate,Medialuna,Truffles
Alfajores,Brownie
Juice,Brownie,Muffin
Toast,Tea,Coffee
Honey,Jammie Dodgers,Bread
Vegan mincepie,Coffee
Coffee,Medialuna
Spanish Brunch,Coffee
Scandinavian
Ellas Kitchen Pouches,Coffee,Medialuna,Pastry
Christmas common,Hot chocolate,Jam,Bread
Coffee,Medialuna
Cake,Tea,Brownie
Cookies,Coffee,Pastry
Cake,Coffee
Coffee,Spanish Brunch,Bread
Muffin,Coffee
Alfajores,Scone
Cake,Coffee,Scone
Toast,Coffee,Cookies,Bread
Coffee,Mineral water,Frittata
Scone,Brownie,Bread
Alfajores,Coffee,Medialuna
Coffee,Medialuna,Bread
Cake,Tea,Hot chocolate,Brownie
Coffee,Medialuna,Brownie
Hearty & Seasonal,Soup
Cake,Tea,Hot chocolate,Salad
Vegan mincepie,Bread
Soup,Coffee,Sandwich
Truffles,Coffee,Salad,Tea,Chicken Stew,Cake
Tartine,Coffee,The Nomad
Tea,Coffee,Scone
Keeping It Local,Tea
Cake,Baguette,Bread
Coffee,Tea,Tiffin,Pastry,Cake,Bread
Alfajores,Tea,Coffee,Cake,Spanish Brunch
Hearty & Seasonal,Cake,Coffee
Cake,Coffee,Tiffin,Bread
Hot chocolate,Scone
Cake,Juice,Brownie,Bread
Muffin,Coffee,Tea
Baguette,Coffee,Bread
Tea,Spanish Brunch
Cake,Cookies,Hot chocolate,Coffee
Tea,Keeping It Local
Coffee,Jam,Bread
Soup,Coke,Coffee,Scone
Coffee,Scone,Cookies,Bread
Soup,Coffee,Coke
Hot chocolate,Cookies,Pastry
Coffee,Coffee granules ,Salad,Extra Salami or Feta
Coffee,Jam,Fudge
Tea,Jammie Dodgers,Muffin
Cake,Coffee,Tiffin
Muffin,Juice,Bread
Muffin,Coffee,Scone
Tea,Chicken Stew
Sandwich,Fudge,Bread
Cake,Medialuna,Scone
Soup,Farm House,Coke
Hearty & Seasonal,Tea,Farm House
Medialuna,Sandwich
Cookies,Sandwich
Raspberry shortbread sandwich,Tea
Farm House,Hot chocolate,Coffee
Baguette,Coffee,Medialuna
Coffee,Alfajores,Tea,Jam,Medialuna,Pastry,Bread
Spanish Brunch,Tea,Chicken Stew,Cake,Farm House,Smoothies
Cookies,Pastry,Coffee
Cake,Tea,Coffee,Medialuna,Scandinavian
Tea,Coffee,Scone
Basket,Coffee,Bread
Tea,Hot chocolate,Medialuna
Coffee,Medialuna,Brownie
Hot chocolate,Tea,Coffee,Medialuna,Pastry,Cake,Farm House
Coffee,Sandwich,Scone
Tea,Coffee,Soup
Farm House
Hearty & Seasonal,Coffee
Mineral water,Tea,Hot chocolate,Brownie,Coffee,Cake
Tea,Medialuna,Scone
Hearty & Seasonal,Soup,Tea
Alfajores,Juice,Coffee,Medialuna,Cookies
Jammie Dodgers,Coffee,Juice
Tea,Frittata
Cake,Coffee,Scone
Tea,Coffee,Cookies,Pastry
Soup,Coffee,Tea,Brownie,Frittata
Jammie Dodgers,Coffee,Pastry
Alfajores,Bread
Alfajores,Muffin,Coffee
Alfajores,Tea,Pastry
Cake,Pastry,Bread
Hot chocolate,Brownie,Coffee
Smoothies,Chicken Stew,Bread
Toast,Coffee,Cookies
Cake,Soup,Juice
Cake,Coffee,Bread
Toast,Coffee,Jam,Hot chocolate
Cake,Jammie Dodgers,Coffee
Tacos/Fajita,Tea,Juice
Medialuna,Bread
Coffee,Scone
Cake,Scone
Tiffin,Smoothies,Coffee
Juice,Coffee,Scone
Cookies,Hot chocolate,Coffee,Pastry
Drinking chocolate spoons ,Mineral water,Coffee,Bread
Coffee,Pastry,Bread
Coffee,Brownie,Scandinavian
Tea,Sandwich,Muffin
Toast,Farm House,Coffee,Bread
Christmas common,Bread
Hearty & Seasonal,Coffee,Hot chocolate,Brownie
Truffles,Coffee,Sandwich,Bread
Muffin,Coffee,Medialuna
Sandwich,Scone,The Nomad,Bread
Cake,Hot chocolate,Mineral water,Coffee,Tiffin
Keeping It Local,Coffee,Bread
Cake,Truffles,Sandwich,Chicken Stew
Truffles,Cookies,Salad,Tea,Soup,Bread
Tea,Cookies,Brownie
Tea,Coffee,Truffles
Coffee,Scandinavian,Granola,Pastry,Fudge,Bread
Cake,Juice,Coffee
Truffles,Spanish Brunch,Tiffin,Coffee,Juice
Toast,Tea,Coffee,Pastry
Truffles,Bread
Alfajores,Coffee,Bread
Toast,Hot chocolate,Alfajores,Coffee,Medialuna,Fudge,Bread
Toast,Medialuna,Bread
Tea,Mineral water,Sandwich,Bread
Cake,Hot chocolate
Cake,Pastry
Coffee,Spanish Brunch,Bread
Muffin,Coffee,Bread
Tea,Medialuna,Sandwich,Coffee
Hot chocolate,Medialuna,Brownie,Coffee
Tea,Cookies
Tea,Medialuna,Bread
Coffee,Brownie
Coffee,Coke
Fudge,Bread
Cake,Coffee,Hot chocolate
Tea,Hot chocolate,Scone
Alfajores,Brownie,Bread
Coffee,Brownie,Cookies,Bread
Soup,Chicken Stew,Bread
Baguette,Sandwich,Brownie
Alfajores,Juice,Coffee,Brownie,Ellas Kitchen Pouches
Jam,Juice,Cookies,Bread,Tea
Cake,Coffee
Hearty & Seasonal,Smoothies
Cake,Coffee,Spanish Brunch
Sandwich,Bread
Vegan mincepie,Scandinavian
Cake,Hot chocolate,Coke
Soup,Coffee,Sandwich,Extra Salami or Feta,Salad
Tiffin,Hot chocolate,Cookies
Cake,Pastry,Bread
Tiffin,Sandwich,Bread
Tartine,Coffee,Bread
Baguette,Medialuna
Sandwich,Scone
Cake,Coffee,Pastry
Hearty & Seasonal,Coffee,Mineral water,Bread
Cake,Juice,Coffee,Coke
Cake,Tea,Muffin
Juice,Coffee
Cake,Coffee,Scandinavian
Toast,Muffin,Hot chocolate,Coffee
Jam,Pastry,Bread
Cake,Coffee,Medialuna
Cookies,Medialuna,Coffee,Focaccia,Bread
Muffin,Coffee,Hot chocolate
Toast,Hot chocolate,Coffee
Cake,Juice,Cookies,Coffee,Scone
Cake,Juice,Coffee,Vegan mincepie
Tea,Coffee,Bread
Cake,Coffee,Hot chocolate
Eggs,Bread
Soup,Tea,Scone
Tea,Juice
Alfajores,Bread,Scone
Cake,Smoothies
Coffee,Sandwich,Bread
Scone,Scandinavian
Tea,Cookies,Soup
Coffee,Hearty & Seasonal,Tea,Tiffin,Cake,Bread
Cake,Smoothies,Coffee,Bread
Soup,Bread,Chicken Stew,Tea
Vegan mincepie,Bread
Tea,Coffee,Sandwich
Alfajores,Jammie Dodgers,Coffee,Bread
Muffin,Hot chocolate,Coffee
Soup,Sandwich,Bread
Alfajores,Coffee
Cookies,Sandwich,Coke,Coffee,Chicken Stew,Juice
Toast,Coffee,Pastry,Bread
Hearty & Seasonal,Coffee,Sandwich,Mineral water
Coffee,Pastry,Scone,Hot chocolate,Bread
Coffee,Cookies
Coffee,Sandwich,Scone
Medialuna,Focaccia,Bread
Cookies,Hot chocolate,Coffee
Bakewell,Coffee,Sandwich
Mineral water,Bread
Alfajores,Farm House,Coffee,Scandinavian
Tacos/Fajita,Tea,Coffee,Cake,Honey
Sandwich,Coffee,Frittata,Salad,Bread
Muffin,Coffee,Baguette
Keeping It Local,Coffee
Muffin,Coffee,Bread
Tea,Medialuna,Jammie Dodgers
Muffin,Coffee,Sandwich
Cake,Coffee
Cake,Farm House,Pastry,Scandinavian
Baguette,Fudge
Cake,Sandwich,Bread
Toast,Coffee,Pastry
Cake,Coffee,Cookies,Bread
Alfajores,Tea,Coffee,Hot chocolate,Bread
Tea,Coffee,Hot chocolate
Soup,Coffee,Sandwich
Toast,Coffee,Pastry
Tea,Hot chocolate,Tiffin,Pastry
Coffee,Coke
Spanish Brunch,Bread
Truffles,Bakewell,Pastry
Keeping It Local,Coffee,Medialuna,Bread
Cake,Scone,Pastry,Bread
Alfajores,Coffee,Pastry
Empanadas,Scandinavian,Bread
Tea,Victorian Sponge,Bread
Alfajores,Coffee,Tiffin
Tea,Sandwich,Chicken Stew,Bread
Coffee,Scone,Frittata
Truffles,Pastry,Bread
Farm House,Scandinavian
Tea,Bread
Cookies,Tiffin
Baguette,Scandinavian,Bread
Coffee,Bakewell
Coffee,Pastry,Farm House
Hearty & Seasonal,Coffee,Hot chocolate,Bread
Coffee,Scone,Frittata,Bread
Hot chocolate,Medialuna,Bread
Vegan mincepie,Coffee,Hot chocolate
Coffee,Fudge
Muffin,Coffee
Postcard,Tshirt
Empanadas,Coffee
Hot chocolate,Coffee
Baguette,Coffee,Bakewell
Medialuna,Pastry,Bread
Cake,Juice,Chicken Stew
Soup,Coffee,Bread
Hearty & Seasonal,Coffee,Sandwich
Baguette,Coffee,Spanish Brunch
Jammie Dodgers,Cookies,Bakewell,Coffee
Muffin,Coffee,Sandwich
Coffee,Sandwich,Chicken Stew
Tea,Coffee,Sandwich
Cookies,Coffee,Sandwich,Hot chocolate
Empanadas,Coffee,Soup
Cake,Tea,Medialuna,Bread
Coffee,Medialuna,Bread
Toast,Medialuna,Bread
Cake,Coffee
Alfajores,Jammie Dodgers,Bread
Kids biscuit,Mineral water,Coffee,Muffin
Cake,Tea,Hot chocolate,Cookies
Cookies,Hot chocolate,Coffee,Scone
Coffee,Bread
Cake,Juice,Coffee,Sandwich
Cake,Toast,Juice,Bread,Scone
Hearty & Seasonal,Coffee,Mighty Protein,Coke
Coffee,Jam,Brownie
Coffee,Medialuna,Pastry,Bread
Juice,Jam,Fudge,Bread
Alfajores,Tea,Coffee
Tea,Tiffin,Scone
Juice,Coffee,Cookies,Bread
Coffee,Sandwich,Coke
Cookies,Hot chocolate,Coffee
Cake,Baguette,Coffee,Tea
Cookies,Farm House,Coffee
Juice,Cookies
Toast,Coffee
Coffee,Hot chocolate,Bread
Cake,Tea,Scone
Coffee,Brownie,Bread
Tea,Bread,Frittata
Cake,Muffin,Juice
Bread,Nomad bag,Scandinavian
Juice,Tiffin,Tea
Hearty & Seasonal,Coffee,Sandwich
Alfajores,Tea,Victorian Sponge
Alfajores,Coffee,Scone
Baguette,Scone
Soup,Coffee,Hot chocolate,Cookies,Scone
Sandwich,Bread
Tea,Coffee,Scone
Coffee,Sandwich,Fudge
Juice,Coffee,Pastry
Tea,Soup
Hearty & Seasonal,Soup,Smoothies,Pastry
Baguette,Cookies
Jam,Scone,Bread
Tea,Coffee,Sandwich
Cake,Vegan mincepie,Coffee,Mineral water
Cake,Sandwich,Bread
Coffee,Sandwich
Bread,Coffee,Sandwich,Scone
Eggs,Fudge
Tea,Hot chocolate,Sandwich
Frittata,Scone
Cake,Coffee,Bakewell
Toast,Truffles,Frittata
Cake,Tea,Coffee,Medialuna,Scone
Coffee,Medialuna,Pastry
Ellas Kitchen Pouches,Coffee
Cookies,Coffee,Medialuna,Pastry
Tartine,Farm House
Farm House,Pastry
Juice,Hot chocolate,Muffin
Soup,Coffee,Scandinavian
Cake,Smoothies,Coffee,Bread
Cake,Juice,Bread
Cake,Muffin,Coffee
Cookies,Coffee,Pastry,Bread
Cake,Jammie Dodgers,Coffee,Hot chocolate,Vegan mincepie
Jam,Sandwich,Bread
Coffee,Medialuna,Pastry
Brownie,Bread
Tea,Cookies,Medialuna,Bread
Toast,Spanish Brunch,Salad,Coffee,Soup,Farm House
Alfajores,Coke,Hot chocolate
Soup,Mineral water,Coffee
Coffee,Hot chocolate,Farm House
Coffee,Sandwich,Hot chocolate
Coffee,Pastry
Cake,Soup,Coffee,Sandwich,Bread
Tea,Sandwich,Scone
Tea,Spanish Brunch,Cookies,Chicken Stew
Coffee,Chocolates,Coke
Alfajores,Coffee,Sandwich,Bread
Cake,Truffles,Coffee,Jam
Coffee,Pastry,Bread
Cookies,Pastry,Bread
Coffee,Tiffin,Bread
Soup,Coffee,Brownie
Coffee,Brownie,My-5 Fruit Shoot
Hearty & Seasonal,Juice
Muffin
Christmas common,Jam,Bread
Tea,Tiffin,Pastry,Scone
Coffee,Salad
Jam,Fudge
Coke,Granola,Chicken Stew
Vegan mincepie,Coffee,Bread
Cake,Soup,Sandwich,Bread
Tea,Truffles
Farm House,Medialuna,Pastry,Bread
Mineral water,Sandwich,Crisps
Coffee,Mighty Protein
Muffin,Coffee,Frittata
Toast,Juice,Bakewell,Sandwich,Bread
Coffee,Chicken Stew
Tea,Coffee,Bread
Jam,Coffee,Medialuna,Bread
Coffee,Brownie
Cake,Chicken Stew,Bread
Duck egg,Spanish Brunch,Coffee
Tea,Coffee,Juice
Juice,Coffee,The Nomad
Cake,Jammie Dodgers,Cookies,Vegan Feast
Juice,Coffee,Pastry
Cake,Toast,Coffee,Juice
Keeping It Local,Coffee,Bread
Cake,Alfajores,Coffee,Tea
Mineral water,Salad,Extra Salami or Feta,Scandinavian,Jam,Frittata,Bread
Cake,Hot chocolate,Coffee,Scone
Toast,Juice,Coffee,Cookies
Honey,Scandinavian
Tea,Coffee,Medialuna
Cake,Coffee,Cookies,Bread
Cake,Coffee,Cookies
Art Tray,Coffee,Sandwich,Hot chocolate
Cake,Toast,Hot chocolate,Coffee
Tea,Brownie
Alfajores,Muffin,Medialuna
Tea,Hot chocolate,Pastry,Scone
Coffee,Salad
Soup,Coffee,Bread
Tea,Cookies
Coffee,Jam,Scone,Bread
Tea,Coffee,Sandwich
Cake,Coffee,Smoothies,Bread
Coffee,Jam
Cookies,Hot chocolate,Medialuna,Coffee
Hot chocolate,Coffee,Brownie
Soup,Sandwich,Juice
Coke,Hot chocolate,Coffee
Cake,Coffee,Brownie
Coffee,Bakewell
Alfajores,Sandwich,Focaccia
Drinking chocolate spoons ,Bread
Cake,Muffin,Coffee,Soup
Soup,Spanish Brunch,Sandwich,Coffee,Tea
Alfajores,Hot chocolate
Tea,Soup,Bread
Cookies,Hot chocolate,Coffee
Coffee,Granola,Bread
Fudge,Scandinavian
Keeping It Local,Coffee,Farm House
Alfajores,Juice,Sandwich
Truffles,Mineral water,Coke,Scone
Alfajores,Scone,Bread
Truffles,Coke,Salad,Baguette
Hot chocolate,Coffee,Scone
Cake,Scandinavian,Victorian Sponge
Jammie Dodgers,Coffee
Tea,Coffee,Scandinavian,Chicken sand,Frittata
Hot chocolate,Chocolates,Cookies,Juice,Coffee,Bread
Alfajores,Muffin,Tiffin,Tea
Cake,Tea,Cookies,Hot chocolate,Pastry
Soup,Coffee,Sandwich
Tea,Coffee,Farm House,Brownie
Hot chocolate,Medialuna,Pastry,Coffee
Kids biscuit,Bread
Chimichurri Oil,Scandinavian
Alfajores,Tea,Hot chocolate,Brownie
Tartine,Coffee,Medialuna
Cake,Tea,Coffee,Medialuna
Coffee,Hot chocolate
Toast,Coffee,Smoothies
Baguette,Pastry,Scandinavian
Spanish Brunch,Bread
Cake,Tea,Coffee,Soup
Cake,Juice,Coffee
Vegan mincepie,Coffee,Brownie
Alfajores,Muffin,Coffee
Coffee,Medialuna,Focaccia,Bread
Muffin,Farm House,Bread
Tea,Frittata,Bread
Coffee,Pastry,Bread
Coffee,Salad,Extra Salami or Feta,Scandinavian,Cake,Bread
Tea,Brownie,Fudge,The Nomad,Bread
Eggs,Coffee
Muffin,Juice,Cookies,Bread
Juice,Coffee,Cookies,Jammie Dodgers
Cake,Hot chocolate,Pastry,Coffee
Coffee,Jam
Muffin,My-5 Fruit Shoot,Brownie,Bread
Juice,Sandwich,Tea
Hot chocolate,Medialuna,Coffee
Keeping It Local,Coffee,Pastry,Bread
Tea,Coffee,Scone,Mineral water,Bread
Cake,Soup,Tea
Cake,Coffee
Cake,Muffin,Hot chocolate,Bread,Jammie Dodgers
Coffee,Hot chocolate,Bread
Alfajores,Pastry
Focaccia,Scandinavian
Spanish Brunch,Coffee,Afternoon with the baker
Coffee,Sandwich,Spanish Brunch
Keeping It Local,Bread
Jammie Dodgers,Coffee,Bread
Farm House,Scone
Tea,Cookies,Pastry
Farm House,Nomad bag,Bread
Juice,Coffee,Bread
Medialuna,Scandinavian
Toast,Coffee,Salad
Cake,Coffee,Bread
Cake,Vegan mincepie,Coffee
Cake,Coffee,Sandwich
Cookies,Hot chocolate,Mineral water,Scone
Hot chocolate,Brownie,Bread
Focaccia,Alfajores,Tea,Chicken Stew,Soup,Pastry,Cake,Bread
Cookies,Fudge,Bread
Cake,Baguette,Christmas common,Scandinavian
Tea,Pastry,Bread
Truffles,Coffee,Brownie
Tea,Coffee,Sandwich,Muffin
Cake,Soup,Salad
Farm House,Gingerbread syrup
Pastry
Cake,Brownie
Tea,Coffee,Truffles
Muffin,Art Tray,Coffee,Hot chocolate,Juice
Cake,Tea,Bread
Cake,Coffee,Sandwich,Salad
Juice,Coffee,Afternoon with the baker,Bread
Coffee,Tiffin,Scone
Farm House,Coffee granules 
Juice,Coke,Sandwich,Mineral water
Cake,Alfajores,Bread
Cake,Hot chocolate,Sandwich,Coffee
Keeping It Local,Coffee
Coffee,Medialuna,Spanish Brunch,Bread
Baguette,Medialuna,Pastry
Juice,Mineral water
Coffee,Medialuna
Coffee,Medialuna,Cookies,Bread
Alfajores,Eggs,Hot chocolate,Coffee
Coffee,Pastry,Hot chocolate,Bread
Tea,Coffee,Medialuna
Hot chocolate,Pastry
Cake,Bakewell
Soup,Truffles,Tea
Medialuna,Crepes
Cake,Juice,Coffee,Bread
Farm House,Scandinavian
Bakewell,Coffee,Mineral water,Coke,Salad
Truffles,Bread,Scandinavian
Postcard,Coffee
Alfajores,Truffles,Soup
Tea,Cookies,Pastry
Tea,Pastry,Truffles,Bread
Soup,Coffee,Sandwich,Chicken Stew
Juice,Tiffin
Cake,Soup,Bread
Muffin,Ellas Kitchen Pouches,Bread
Soup,Coffee,Sandwich,Coke
Coke,Tiffin,Chicken Stew
Cake,Tea,Cookies
Jammie Dodgers,Tea
Coffee,Coffee granules 
Cookies,Jam,Bread
Muffin,Farm House
Hot chocolate,Scone,Bread
Juice,Coffee
Toast,Coffee,Tiffin
Baguette,Scandinavian
Muffin,Soup,Tea,Bread
Coffee,Tea,Cookies,Keeping It Local,Jam,Bread
Cake,Cookies
Cake,Soup,Chicken Stew,Bread
Cake,Coffee,Pastry
Coffee,Bread,Scone
Soup,Coke,Fudge,Hot chocolate
Cake,Muffin,Jam
Cake,Toast,Coffee,Medialuna
Baguette,Coffee,Truffles,Alfajores,Juice,Medialuna
Toast,Coffee
Brownie,Pastry,Bread
Tea,Sandwich,Bread
Hot chocolate,Tiffin,Coffee
Coffee,Pastry,Brownie
Soup,Coffee
Alfajores,Juice,Coffee,Brownie
Cake,Muffin,Scone
Toast,Juice,Coffee,Bread
Alfajores,Tea,Coffee
Tea,Cookies,Pick and Mix Bowls,Juice
Juice,Sandwich
Jammie Dodgers,Coffee,Bread
Cake,Coffee,Sandwich
Farm House,Jam,Fudge,Bread
Hot chocolate,Alfajores,Tea,Tiffin,Pastry,Coffee
Coffee,Bread,Scone
Coffee,Bread,Hot chocolate,Scone
Cake,Juice,Coffee,Farm House,Scone
Alfajores,Tea,Bakewell,Bread
Cake,Tea,Cookies,Medialuna
Fudge,Bread
Jammie Dodgers,Hot chocolate,Cookies,Coffee
Cake,Tea,Brownie
Cake,Cookies,Coffee
Hearty & Seasonal,Coffee,Pick and Mix Bowls,Smoothies
Cake,Coffee,Bread
Cake,Tea
Coffee,Salad,Chicken Stew
Coffee,Sandwich,Scone
Juice,Cookies,Salad,Art Tray
Ellas Kitchen Pouches,Bread
Truffles,Coffee,Sandwich,Jammie Dodgers,Spanish Brunch,Cake,Bread
Alfajores,Tea
Cake,Coffee,Hot chocolate
Cake,Soup,Coffee,Sandwich,Tea
Truffles,Coffee,Coke,Chicken Stew,Pastry,Art Tray,Bread
Cake,Jammie Dodgers,Scone
Sandwich,Argentina Night,Bread
Spanish Brunch,Coffee,Chicken Stew
Coffee,Scone,Bread
Cake,Tea,Bread
Juice,Tea,Bread
Farm House,Coke,Bread
Muffin,Hot chocolate
Truffles,Coffee,Fudge,Pastry,Frittata
Tea,Smoothies
Tea,Medialuna
Cake,Coffee,Jam,Fudge
Juice,Coffee,Medialuna,Coke
Tea,Salad
Alfajores,Tea,Bread
Cake,Alfajores,Coffee
Baguette,Brownie
Juice,Cookies,Ellas Kitchen Pouches,My-5 Fruit Shoot
Truffles,Coffee,Sandwich,Coke,Chicken Stew
Cake,Coffee,Fudge,Brownie,Dulce de Leche
Coffee,Frittata
Tea,Medialuna
Coffee,Sandwich,Brownie
Spanish Brunch,Extra Salami or Feta,Salad,Coffee
Hearty & Seasonal,Cookies,Hot chocolate,Sandwich,Coffee
Medialuna,Pastry,Bread
Jam,Fudge
Tea,Coffee,Medialuna
Spanish Brunch,The Nomad,Coffee
Tea,Tiffin,Bread
Muffin,Soup
Jammie Dodgers,Smoothies
Coffee,Sandwich,Brownie
Coffee,Jam,Pastry
Juice,Tea,Bread,Cake,Soup
Truffles,Mineral water,Scone,Spanish Brunch,Bread
Coffee,Bread,Hot chocolate,Brownie
Bread,Hot chocolate,Coffee,Pastry,Scandinavian
Cookies,Pastry,Coffee
Cookies,Bread
Coffee,Coke,Spanish Brunch,Chicken Stew,The Nomad,Juice
Truffles,Coffee,Sandwich,Salad,Alfajores,Coke,Chicken Stew,Juice,Cake
Tea,Medialuna
Juice,Coffee,Sandwich,Ellas Kitchen Pouches
Baguette,Tea,Extra Salami or Feta,Salad,Bread
Salad,Bread
Cake,Valentines card,Salad
Tea,Coffee,Pastry
Tea,Sandwich
Hearty & Seasonal,Art Tray,Coffee,Bread
Hearty & Seasonal,Truffles,Mineral water,Scone,Bread
Juice,Tea,Medialuna,Scone
Toast,Coffee
Coffee,Frittata,Bread
Hearty & Seasonal,Tea
Chocolates,Chicken Stew
Soup,Coffee,Hot chocolate,Brownie
Alfajores,Coffee,Scone
Muffin,Coffee,Sandwich,Tiffin
Alfajores,Cake,Coffee,Sandwich,My-5 Fruit Shoot
Tea,Coffee,Medialuna,Cookies
Tea,Coffee,Sandwich
Alfajores,Juice,Cookies,Sandwich,Bread
Alfajores,Coffee,Mineral water
Keeping It Local,Coffee,Tea
Toast,Coffee
Alfajores,Cake,Hot chocolate,Coffee
Muffin,Coffee,Cookies,Bread
Hearty & Seasonal,Muffin,Bread
Jammie Dodgers,Bread
Hot chocolate,Jam,Cookies
Raw bars,Tea
Muffin,Fudge
Cake,Truffles,Coffee,Scandinavian
Tea,Bakewell,Bread
Coffee,Jam,Farm House
Truffles,Juice
Cake,Pastry
Truffles,Fudge,Bread
Jammie Dodgers,Medialuna,Tea
Juice,Jammie Dodgers
Coffee,Sandwich,Pastry,Bread
Hot chocolate,Medialuna,Pastry
Soup,Mineral water,Sandwich,Coffee
Muffin,Coffee,Brownie
Toast,Cake,Hot chocolate,Sandwich,Coffee
Cake,Hot chocolate,Coffee
Alfajores,Scandinavian
Cake,Bread
Cake,Baguette
Soup,Focaccia,Tea
Cake,Muffin,Vegan Feast
Tea,Spanish Brunch,Coffee,Juice
Juice,Coffee,Granola,Chicken Stew
Cake,Soup,Coffee,Sandwich
Cake,Cookies,Brownie,Coffee
Toast,Tea,Coffee,Bread
Tea,Sandwich,Chicken Stew,Juice
Muffin,Scandinavian
Medialuna,Tea,Coffee,Sandwich
Medialuna,Coffee,Sandwich
Toast,Bakewell,Coffee,Medialuna,Bread
Muffin,Farm House,Pastry,Bread
Alfajores,Cookies,Hot chocolate,Coffee
Brownie,Bread
Coffee,Scone
Muffin,Hot chocolate,Sandwich,Coffee
Farm House,Jam,Bread
Hearty & Seasonal,Coffee,Medialuna,Bread
Hot chocolate,Bread,Pastry,Coffee
Coffee,Scone,Pastry,Bread
Truffles,Coffee,Chicken Stew,Bread
Tea,Tiffin,Brownie
Hearty & Seasonal,Mineral water,Frittata
Tea,Hot chocolate,Pastry
Coffee,Medialuna,Bread
Toast,Juice,Spanish Brunch,Coffee
Baguette,Coffee,Brownie
Cake,Tiffin
Toast,Sandwich,Bread
Tiffin,Medialuna
Tea,Cookies,Coffee
Vegan mincepie,Coffee,Hot chocolate
Cake,Cookies
Cake,Farm House,Bread
Toast,Coffee,Pastry
Alfajores,Tea,Spanish Brunch,Fudge,Chicken Stew
Alfajores,Muffin,Hot chocolate,Tiffin,Coffee
Tea,Coffee,Bread
Toast,Coffee,Medialuna,Pastry
Tea,Pastry
Tea,Coffee,Soup,Bread
Hot chocolate,Sandwich
Tea,Hot chocolate,Bread
Tea,Coffee,Sandwich,Chicken Stew
Panatone,Bread
Tea,Medialuna,Pastry,Bread
Toast,Coffee,Sandwich,Hot chocolate,Soup,Cake
Coffee,Bread
Cake,Vegan mincepie,Coffee
Muffin,Hot chocolate,Bread,Coffee,Brownie
Cake,Farm House
Juice,Coffee,Hot chocolate,Brownie
Tea,Coffee
Tea,Coffee,Pastry
Alfajores,Cake,Coffee
Soup,Mineral water,Brownie
Tea,Medialuna,Bread
Alfajores,Juice,Cookies,Brownie,Bread
Raspberry shortbread sandwich,Coffee,Bread
Cake,Coffee,Sandwich,Brownie
Toast,Tea,Coffee,Pastry
Soup,Coffee
Cookies,Scandinavian
Art Tray,Tea
Soup,Coke,Sandwich,Bread
Alfajores,Muffin,Hot chocolate,Coffee
Coffee,Eggs,Bread
Hot chocolate,Sandwich
Bread,Pastry,Scone
Cake,Spanish Brunch
Soup,Coffee,Afternoon with the baker
Cake,Hot chocolate,Pastry,Coffee
Hot chocolate,Cookies
Cake,Tea,Coffee,Cookies
Toast,Tea,Coffee
Alfajores,Toast,Coffee,Brownie,Juice
Bakewell,Scone
Soup,Coffee,Sandwich,Tea
Tartine,Scandinavian
Alfajores,Muffin,Cake
Keeping It Local,Coffee,Medialuna
Alfajores,Juice,Coffee,Cookies,Tea
Hot chocolate,Scone
Cake,Tea,Chicken Stew,Bread
Cake,Frittata
Cake,Tea
Farm House,Jam,Pastry,Bread
Coffee,Farm House
Hearty & Seasonal,Tea,Bread
Cake,Baguette,Cookies
Medialuna,Pastry,Bread
Farm House,Jam,Coffee,Bread
Alfajores,Muffin,Bread
Cake,Tea,Scone
Pastry,Brownie
Cake,Coke,Medialuna,Coffee
Cake,Chocolates
Cake,Tea,Tartine,Juice
Juice,Pastry
Coffee,Alfajores,Tea,Hot chocolate,Brownie,Bread
Afternoon with the baker,Coffee,Scandinavian
Hot chocolate,Pastry,Bread
Soup,Mineral water,Farm House
Coffee,Jammie Dodgers,Hot chocolate,Pastry,Cake,Bread
Hot chocolate,Coffee,My-5 Fruit Shoot
Coffee,Hot chocolate,Pastry
Coffee,Cookies,Pastry
Soup,Hot chocolate,Scone
Farm House,Brownie
Truffles,Spanish Brunch,Coffee
Tea,Coffee,The Nomad,Scone
Tea,Coffee,Keeping It Local,Soup
Cake,Tea,Coffee,Juice
Cake,Jammie Dodgers,Tea,Truffles,Bread
Duck egg,Tea,Spanish Brunch,Bread
Tea,Coffee,Pastry,Scone
Coffee,Pastry,Brownie
Tea,Coffee,Tiffin,Scone
Afternoon with the baker
Toast,Tea,Bread
Tartine,Coffee,Cookies
Coffee,Scone
Tea,Coffee
Coffee,Medialuna,Scandinavian
Cake,Coffee,Bread
Soup,Smoothies,Salad
Sandwich,Chicken Stew,Bread
Soup,Smoothies,Coffee,Salad
Coffee,Bakewell,Brownie,Bread
Alfajores
Coffee,Brownie,Scone
Cake,Coffee,Bread
Cake,Muffin,Tea,Bread,Scone
Mineral water,Sandwich
Hearty & Seasonal,Bread
Coffee,Tiffin,Hot chocolate,Bread
Tea,Coffee
Cake,Juice,Cookies,Bread
Hot chocolate,Mineral water,Coffee
Spanish Brunch,Sandwich
Muffin,Medialuna,Brownie
Cake,Juice,Coffee
Coffee,Medialuna,Tiffin
Tea,The Nomad
Cake,Juice,Coffee,Alfajores
Tea,Coffee,Cookies
Toast,Tea,Coffee,Medialuna,Farm House
Muffin,Coffee,Pastry,Coke
Coffee,Extra Salami or Feta,Salad
Cookies,Pastry,Coffee
Medialuna,Tea,Coffee,Scone,Bread
Cake,Coke,Sandwich,Bread
Coffee,Sandwich
Coffee,Chicken Stew
Coke,Salad
Toast,Cake,Farm House,Coffee,Scandinavian
Alfajores,Coffee,Medialuna,Bread
Tea,Scone
Hearty & Seasonal,Coffee,Sandwich
Juice,Spanish Brunch,Truffles
Cake,Tea,Bread
Tartine,Coffee,Sandwich,Brownie
Alfajores,Muffin,Coffee
Cake,Cookies,Spanish Brunch,Medialuna,The Nomad
Medialuna,Fudge
Cake,Truffles,Coffee,Tiffin
Sandwich,Bread
Cookies,Coffee,Coke
Cookies,Hot chocolate,Smoothies,Bread
Hot chocolate,Tea,Brownie,Juice,Pastry,Coffee
Toast,Coffee,Cookies
Toast,Coffee,Bread
Coffee,Pastry,Smoothies,Bread
Cookies,Coffee,Pastry,Bread
Cake,Hot chocolate
Tea,Tiffin,The Nomad,Bread
Soup,Sandwich,Tea
Coffee,Sandwich,Tea,Cookies,Juice,Bakewell,Cake
Medialuna,Brownie
Toast,Coffee,Pastry,Scone
Toast,Tea,Cake,Bread
Spanish Brunch,Coke,Mineral water,Soup,Coffee,Bread
Alfajores,Medialuna,Bread
Cookies,Hot chocolate,Sandwich,Coffee,Bread
Juice,Coffee,Tea,Chicken Stew,Jammie Dodgers
Coffee,Scone
Cake,Tea,Coffee,Sandwich,Brownie
Cake,Cookies,Bread
Cake,Muffin,Coffee,Pastry,Tea
Hearty & Seasonal,Alfajores,Mineral water
Cake,Tea,Hot chocolate,Coffee
Alfajores,Juice,Hot chocolate,Brownie,Vegan mincepie
Juice,Spanish Brunch
Baguette,Bread,Scone
Cookies,Hot chocolate,Smoothies
Truffles,Coffee,Medialuna
Hot chocolate,Coffee,Bread
Tea,Coffee
Coffee,Medialuna,Pastry,Bread
Truffles,Cookies,Soup
Vegan mincepie,Coffee,Hot chocolate,Jammie Dodgers
Coffee,Sandwich,Fudge,Chicken Stew
Fudge,Scandinavian
Juice,Coffee,Brownie,Farm House
Truffles,Coffee,Sandwich,Soup
Hot chocolate,Coffee,Bread
Tiffin,Alfajores,Tea,Coke,Chocolates,Coffee,Juice,Cookies,Mineral water,Pastry
Alfajores,Scandinavian,Dulce de Leche
Truffles,Farm House,Bread
Baguette,Coffee,Sandwich
Hearty & Seasonal,Art Tray,Coffee,Tea
Coffee,Pastry
Tea,Cookies,Coffee,Tiffin,Brownie
Coffee,Pastry,Bread
Coffee,Medialuna,Scandinavian,Bread
Cookies,Chicken Stew,Bread
Tea,Coffee,Extra Salami or Feta,Soup
Cake,Cookies,Mineral water
Tartine,Coffee,Medialuna,Pastry
Cake,Tea,Coffee,Pastry,Bread
Mineral water,Brownie
Coffee,Medialuna,Scone
Tea,Coffee,Keeping It Local,Muffin
Tea,Coffee,Pastry
Mineral water,Scone
Truffles,Coffee,Bread,Cookies,Brownie
Afternoon with the baker,Brownie
Coffee,Fudge
Coffee,Gingerbread syrup
Coffee,Scandinavian
Bread,Scone
Tiffin,Coffee
Alfajores,Tea,Cake
Tea
Truffles,Chicken Stew
Coffee,Medialuna,Hot chocolate
Cake,Coffee,Brownie
Muffin,Frittata,Pastry,Scone
Alfajores,Coffee,Cookies
Coffee,Frittata
Tea,Coffee,Spanish Brunch
Medialuna,Jam,Fudge
Cake,Brownie
Bread,Scandinavian
Soup,Mineral water
Coffee,Scone,Bread
Tacos/Fajita,Muffin,Coffee,Tea
Coffee,Tiffin,Bread
Juice,Coffee,Tea
Cake,Coffee,Bread
Cake,Tea,Coffee,Fudge
Cake,Juice,Coffee
Alfajores,Scandinavian,Bread
Cake,Alfajores
Alfajores,Coffee,Medialuna,Bread
Muffin,Coffee,Baguette,Bread
Tea,Coffee,Brownie
Jam,Soup,Pick and Mix Bowls,Brownie
Coffee,Sandwich
Fairy Doors,Scandinavian
Cake,Muffin
Tea,Truffles,Frittata
Truffles,Chicken Stew,Juice
Juice,Coffee,Cookies,Pastry
Cake,Alfajores,Hot chocolate
Coffee,Salad,Spanish Brunch,Extra Salami or Feta,Juice,Cake,Bread
Tea,Spanish Brunch,The Nomad,Bread
Frittata,Bread
Muffin,Tea,Gingerbread syrup,Juice
Soup,Coffee,Muffin
Cake,Soup,Coffee,Coke,Bread
Cake,Jammie Dodgers
Smoothies,Coffee,Pastry
Hearty & Seasonal,Soup,Bread
Tea,Coffee,Focaccia,Bread
Jammie Dodgers,Bread
Cake,Cookies,Bread
Medialuna,Soup,Coffee,Sandwich
Keeping It Local,Cookies,Coffee,My-5 Fruit Shoot
Cake,Juice,Cookies,Eggs,Bread
Baguette,Pastry
Pastry,Frittata
Tea,Coffee
Juice,Cookies,Coffee,Half slice Monster 
Alfajores,Juice,Cookies,Brownie,Coffee
Cake,Jammie Dodgers
Tea,The Nomad
Jammie Dodgers,Coffee,Tea,Bread
Farm House,Pastry,Coffee,Scandinavian
Coffee,Medialuna,Pastry,Bread
Cake,Tea,Coffee,Coke
Toast,Cake,Coffee
Coffee,Bread
Hot chocolate,Coffee,Lemon and coconut
Alfajores,Coffee,Scandinavian
Medialuna,Fudge,Pastry,Bread
Cake,Coffee,Cookies
Muffin,Bread
Tartine,Coffee
Vegan Feast,Argentina Night
Coke,Cookies,Bread
Coffee,Medialuna
Soup,Coffee,Spanish Brunch
Muffin,Cookies,Hot chocolate,Juice
Cake,Muffin,Coffee,Medialuna,Bread
Cake,Coffee,Hot chocolate
Medialuna,Scandinavian,Bread
Cookies,Bread,Scandinavian
Coffee,Mineral water,Juice,Medialuna,Crisps,Frittata
Tea,Scone
Cake,Brownie,Bread
Cookies,Medialuna
Alfajores,Tea,Coffee,Pastry
Cake,Cookies,Hot chocolate,Coffee
Coffee,Medialuna
Cake,Tea,Bakewell
Tea,Fudge,Bread
Cake,Cookies,Coffee,My-5 Fruit Shoot
Alfajores,Coffee,Bread
Jammie Dodgers,Coffee,Tiffin,Juice
Cookies,Brownie
Tartine,Juice,Coffee,Pick and Mix Bowls,Mineral water
Hearty & Seasonal,Coffee,Sandwich
Coffee,Brownie,Bread
Art Tray,Hot chocolate,Tea,Bread
Coffee,Brownie,Bread
Farm House,Medialuna,Coffee
Muffin,Pastry,Scandinavian
Jammie Dodgers,Hot chocolate,Bread
Soup,Coffee,Sandwich,Bread
Coffee,Bread,Hot chocolate,Pastry
Mineral water,Bread
Jammie Dodgers,Pastry
Tea,Granola,Bread
Cookies,Hot chocolate,Medialuna,Coffee
Gingerbread syrup,Medialuna,Pastry
Cake,Vegan mincepie
Tea,Hot chocolate,Muffin
Cake,Tea,Coffee,Extra Salami or Feta,Salad
Tea,The Nomad,Bread
Cookies,Sandwich,Tea,Coffee,Soup,Cake
Jammie Dodgers,Coffee,Bread
Cake,Juice,Eggs,Chicken Stew,Bread
Cake,Coffee,Medialuna
Cake,Coffee,Bread
Cake,Tea,Pastry
Cookies,Coffee
Muffin,Spanish Brunch,Medialuna,Coffee,Chicken Stew
Hearty & Seasonal,Coffee,Mineral water
Tea,Muffin
Coke,Sandwich
Muffin,Coffee,Pastry
Toast,Coffee,Bread
Coffee,Hot chocolate
Tea,Juice
Muffin,Mineral water
Jammie Dodgers,Cookies,Pastry
Tea,Coffee,Medialuna
Farm House,Sandwich,Fudge
Coffee,Sandwich,Salad
Alfajores,Tea,Coffee,Brownie,Bread
Spanish Brunch,Bare Popcorn,Salad,Coffee,Extra Salami or Feta,Juice,Farm House
Tea,Coke
Cake,Coffee,Hot chocolate
Medialuna,Scandinavian
Coffee,Kids biscuit
Cake,Coffee,Sandwich,Salad
Hot chocolate,Coffee
Fudge,Focaccia
Coffee,Brownie,Frittata
Alfajores,Coffee,Medialuna,Bread
Truffles,Coffee,Scandinavian,Bread
Mineral water,Brownie
Coffee,Pastry,Bread
Hearty & Seasonal,Alfajores,Truffles
Muffin,Scone
Hot chocolate,Pastry,Bread
Juice,Brownie,Jammie Dodgers,Bread
Muffin,Tea,Salad,Juice
Cake,Bread,Scandinavian
Cake,Tea,Coffee,Muffin
Cake,Cookies
Farm House,Medialuna,Bread
Tea,Coffee,Bread,Frittata
Spanish Brunch,Sandwich,Coffee,Juice,Nomad bag,Bread
Muffin,Tea
Juice,Spanish Brunch,Sandwich,Coffee,Chicken Stew
Alfajores,Tea,Hot chocolate,Medialuna
Cake,Coffee,Medialuna,Tiffin
Soup,Mineral water,Chicken Stew
Tiffin,Pastry
Cookies,Scone,Hot chocolate,Coffee,Cake,Bread
Truffles,Bread
Art Tray,Tea,Coffee,Soup
Coffee,Medialuna,Fudge
Coffee,Medialuna,Scandinavian
Coffee,Muffin,Juice,Jammie Dodgers,Cake,Bread
Hot chocolate,Medialuna
Cake,Keeping It Local,Bread
Juice,Coffee,Chicken Stew
Muesli,Coffee,The Nomad,Bread
Coffee,Sandwich,Juice,Lemon and coconut,Cake,Bread
Tea,Pastry,Bread
Alfajores,Bread,Scandinavian
Muffin,Coffee,Medialuna,Sandwich,Bread
Toast,Tea,Coffee,Bread
Muffin,Cookies,Bread
Toast,Vegan mincepie,Coffee,Mineral water
Pintxos,Coke
Alfajores,Coffee,Bread
Muffin,Coffee
Juice,Bread
Truffles,Sandwich
Muffin,Smoothies,Sandwich,Coffee,Bread
Coffee,Pastry
Hearty & Seasonal,Coffee
Cookies,Brownie
Tartine,Coffee,Bread
Tiffin,Coffee,Bread
Bread,Brownie,Pastry
Soup,The Nomad,Truffles
Muffin,Hot chocolate,Bread,Scandinavian
Alfajores,Coffee,Sandwich,Salad,Bread
Hearty & Seasonal,Coffee
Tea,Keeping It Local,Bread
Hot chocolate,Bread,Coffee,Pastry
Cake,Medialuna
Coffee,Cookies,My-5 Fruit Shoot
Cake,Tea,Soup
Tartine,Coffee
Tea,Coffee,Pastry
Cake,Vegan mincepie,Coffee,Hot chocolate,Bread
Juice,Brownie
Coffee,Pick and Mix Bowls
Alfajores,Coffee
Cake,Juice,Coffee,Sandwich
Alfajores,Coffee,Coke
Alfajores,Tartine,Coffee
Cake,Juice,Cookies
Cake,Coffee,Hot chocolate,Pastry
Toast,Bread
Drinking chocolate spoons ,Juice,Coffee
Muffin,Smoothies,Juice
Scandinavian,Pastry,Bread
Cake,Alfajores,Coffee,Bread
Soup,Sandwich,Frittata
Tea,Coffee,Brownie,Soup
Toast,Coffee,Tiffin,Farm House
Alfajores,Tea,Spanish Brunch
Tea,Scone,Bread
Tea,Spanish Brunch,Coffee,Juice
Cake,Coffee,Chicken Stew
Truffles,Medialuna,Pastry
Coffee,Frittata,Mineral water,Cookies,Bread
Tea,Jam
Hearty & Seasonal,Soup,Coffee
Tea,Sandwich
Tiffin,Cookies,Coffee
Cake,Muffin,Coffee,Coke,Brownie
Cake,Frittata
Coffee,Hot chocolate,Crisps
Tea,Bakewell
Vegan mincepie,Coffee,Baguette
Muffin,Juice,Tea
Keeping It Local,Coffee
Hearty & Seasonal,Soup,Coffee,Bowl Nic Pitt,Brownie
Cake,Tea,Coffee,Chicken Stew,Soup
Cake,Tea,Coffee,Toast
Keeping It Local,Cookies,Coffee
Smoothies,Hot chocolate,Medialuna,Brownie,Coffee
Muffin,Cookies,Coffee
Jammie Dodgers,Bread
Cake,Tea,Truffles,Bread
Toast,Vegan mincepie,Cookies,Sandwich
Muffin,Smoothies
Tartine,Bread
Muffin,Tea,Bread
Sandwich,Pastry
Cake,Coffee,Bread,Hot chocolate,Scone
Hearty & Seasonal,Muffin,Coffee
Farm House,Fudge,Brownie
Coffee,Hot chocolate,Pastry
Juice,Coke,Sandwich
Tea,Cookies,Brownie,Coffee
Soup,Coke,Sandwich,Mineral water,Coffee
Hot chocolate,Cookies
Hearty & Seasonal,Tea,Coffee,Cake,Mighty Protein
Alfajores,Muffin,Coffee,Empanadas
Toast,Tea,Brownie
Coffee,Sandwich,Pastry,Scandinavian
Coffee,Pastry,Bread
Coffee,Pastry,Farm House,Bread
Sandwich,Bread
Baguette,Cookies,Medialuna,Scandinavian,Scone
Hot chocolate
Jammie Dodgers,Juice
Alfajores,Juice,Cookies,Tea
Jammie Dodgers,Cookies,Bread
Alfajores,Medialuna,Dulce de Leche
Tshirt,Valentines card
Bread Pudding,Coffee
Cookies,Coffee,Brownie,Bakewell,Cake,Bread
Brownie,Pastry,Bread
Coffee,Coke,Pastry
Toast,Coffee,Pastry,Bread
Soup,Coffee,Jam,Pastry
Farm House,Cookies
Tea,Sandwich,Brownie,Art Tray
Scandinavian,Focaccia,Bread
Keeping It Local,Coffee,Bread
Cake,Coffee,Scone
Coffee,Sandwich
Truffles,Sandwich
Coffee,Sandwich,Tea,Coke,Tiffin,Chicken Stew,Soup,Medialuna,Bread
Tea,Brownie,Bread
Hearty & Seasonal,Cake,Coffee,Sandwich,Smoothies
Coffee,Sandwich,Lemon and coconut
Soup,Salad
Coffee,Tiffin,Salad
Cake,Farm House
Tea,Coffee,Bread
Cake,Mineral water,Sandwich,Coffee
Coffee,Bakewell,Bread
Cake,Coffee,Cookies
Medialuna,Pastry
Truffles,Medialuna,Brownie,Bread
Coffee,Mineral water,Bread
Hearty & Seasonal,Tea
Medialuna,Bread
Cake,Muffin,Coffee,Toast
Cake,Tea,Juice
Toast,Cookies,Bread
Pastry,Brownie,Bread
Truffles,Coffee
Juice,Coffee
Coffee,Farm House
Soup,Jam
Cake,Hot chocolate
Muffin,Cookies
Cake,Coffee,Nomad bag,Bread
Tea,Coffee,Medialuna,Pastry
Tea,Mighty Protein
Alfajores,Tea
Alfajores,Tiffin,Bread
Coffee,Sandwich,Bread
Hot chocolate,Fudge
Cake,Toast,Coffee
Toast,Soup,Coffee,Juice
Basket,Coffee
Coffee,Bread
Spanish Brunch,Coffee,Bread
Coffee,Sandwich,Frittata
Toast,Coffee,Granola,Pastry,Bread
Cake,Coffee,Pastry
Hot chocolate,Coffee,Bread
Hot chocolate,Sandwich,Bread
Cake,Tea,Coffee,Bread
Cake,Tea,Sandwich,Bread
Cake,Truffles,Bread
Coffee,Sandwich,Fudge
Tartine,My-5 Fruit Shoot,Pastry,Bread
Coffee,Mineral water
Coffee,Scandinavian,Bread
Alfajores,Soup,Frittata,Art Tray
Tea,Coffee,Spanish Brunch
Farm House,Pastry
Toast,Truffles
Tea,Cookies,Sandwich,Coffee
Tea,Coffee,Medialuna,Cookies,Farm House
Scandinavian,Bread
Tea,Coffee,Medialuna,Cookies
Tea,Coffee,Sandwich,Muffin
Coffee,Brownie,Bread
Juice,Coffee,Cookies,Bread
Art Tray,Coffee,Sandwich,Frittata
Hack the stack,Art Tray,Coffee
Soup,Coffee,Bread
Hearty & Seasonal,Mineral water,Sandwich,Bread
Cake,Juice,Coffee
Cake,Coffee,Bread
Alfajores,Coffee,Hot chocolate,Mineral water
Soup,Brownie,Juice
Juice,Spanish Brunch,Coffee
Tea,Coffee,Medialuna,Brownie,Juice
Cake,Tea,Coffee,Bread
Soup,Coffee,Bread
Coffee,Cookies
Muesli,Coffee
Cake,Coffee,Hot chocolate,Bread
Brownie,Coffee,Mineral water,Coke,Bread
Tea,Scone,Jammie Dodgers
Coffee,Sandwich,Muffin,Jammie Dodgers,Fudge,Bread
Muffin,Coffee,Bread
Tea,Coke,Juice
Hot chocolate,Cookies,Bread
Alfajores,Hot chocolate,Medialuna,Bread
Tea,Brownie,Bread
Hearty & Seasonal,Coffee,Sandwich,Brownie
Tea,Coffee,Scone
Tea,Brownie
Toast,Tea,Tiffin,Muffin
Cake,The Nomad
Tea,Spanish Brunch,Salad
Tea,Soup,Bread,Muffin
Medialuna,Dulce de Leche
Juice,Tiffin,Coffee,Half slice Monster 
Soup,Coffee,Frittata
Cake,Coffee,Medialuna,Bread
Coffee,Farm House,Bread
Cake,Coffee
Truffles,Spanish Brunch,Christmas common,Tea
Muffin,Coffee,Medialuna
Cake,Tea,Coffee,Pastry
Muffin,Tea,Juice
Truffles,Coffee,Tshirt
Vegan mincepie,Coffee
Cake,Cookies,Coffee
Jammie Dodgers,Tiffin
Cake,Soup,Smoothies,Sandwich,Bread
Cookies,Hot chocolate,Coffee
Tea,Coffee,Keeping It Local
Coffee,Sandwich
Baguette,Hot chocolate
Tea,Coffee,Sandwich,Bread
Cake,Sandwich,Bread
Hot chocolate,Sandwich,Chocolates,Bread
Vegan mincepie,Medialuna,Tea,Juice
Juice,Cookies,Coffee
Muffin,Brownie
Cake,Cookies,Coffee,Bread
Toast,Tea,Coffee
Muffin,Coffee,Hot chocolate
Vegan mincepie,Tea
Muffin,Tea,Coffee,Brownie,Truffles
Coffee,Medialuna,Caramel bites
Coffee,Cookies,Bread
Alfajores,Bread
Alfajores,Coffee
Alfajores,Coffee,Medialuna,Crepes
Toast,Juice,Coffee
Coffee,Pastry,Bread
Cake,Cookies
Toast,Mineral water,Sandwich,Coke
Alfajores,Soup,Bread
Truffles,Coffee,Sandwich,Coke,Juice,Pastry
Spanish Brunch,Jam,Salad,Bread
Soup,Sandwich,Tea,Bread
Coffee,Sandwich,Pastry
Cookies,Bread
Tea,Cookies,Pastry,Bread
Cake,Toast,Coffee
Coffee,Bread
Coffee,Pastry,Bread
Cherry me Dried fruit,Eggs
Cake,Muffin,Coffee,Bread
Muffin,Farm House,Coffee,Brownie
Toast,Tea,Cookies,Hot chocolate
Cake,Hot chocolate,Bread
Tea,Soup
Cake,Muffin
Jam,Bread Pudding,Coffee,Sandwich,Fudge
Truffles,Tea
Alfajores,Coffee,Cookies,Bread
Coffee,Sandwich,Salad,Extra Salami or Feta,Bread
Cookies,Coffee,Bread
Coffee,Pastry,Scone
Truffles,Spanish Brunch
Art Tray,Coffee,Brownie
Ellas Kitchen Pouches,Pastry
Cake,Hot chocolate,Medialuna,Coffee
Cake,Tea,Coffee,Scone
Alfajores,Cookies,Bread
Cake,Tea,Hot chocolate,Coffee,Salad
Cake,Hot chocolate,Bread
Farm House,Crepes
Muffin,Tiffin,Bread,The Nomad,Truffles
Cookies,Sandwich,Alfajores,Hot chocolate,Scandinavian,Coffee
Pastry,Bread
Juice,Coke,Sandwich,Coffee
Tea,Coffee,Cookies,Tiffin,Ellas Kitchen Pouches
Coffee,Sandwich,Bread
Keeping It Local,Smoothies,Coffee
Alfajores,Juice,Cookies,Pick and Mix Bowls,Mineral water
Hot chocolate,Brownie,Cookies,Coffee,Vegan Feast,Bread
Sandwich,Fudge
Medialuna,Tea,Coffee,Sandwich,Bread
Soup,Coffee,Pastry
Tea,Smoothies,Fudge,Bread
Toast,Tea,Sandwich,Fudge
Alfajores,Tea,Spanish Brunch,Bread
Tea,Coffee,Sandwich
Cake,Muffin,Coffee,Tea
Coffee,Mighty Protein
Eggs,Pastry,Nomad bag,Bread
Tea,Cookies,Medialuna,Bread
Toast,Coffee
Toast,Coffee,Cookies
Toast,Tea
Coffee,Bakewell
Cookies,Sandwich,Tea,Coffee,Soup,Cake
Toast,Tea,Spanish Brunch,Coke,Coffee
Truffles,Coke,Brownie
Juice,Coffee,Sandwich
Toast,Coffee,Frittata
Soup,Bread
Truffles,Coffee,Brownie
Cookies,Coffee,Medialuna,Smoothies,Scone
Tea,Bread
Baguette,Coffee,Brownie
Alfajores,Dulce de Leche
Jam,Bread
Soup,Coffee,Chicken Stew,Bread
Coffee,Medialuna,The Nomad
Pastry,Bread
Tea,Coffee,Salad,Soup
Tea,Coffee,Sandwich
Tea,Spanish Brunch,Jam,Fudge
Cake,Tea,Brownie,Soup
Pastry,Bread
Tea,Vegan mincepie
Truffles,Medialuna
Eggs,Bread
Coffee,Sandwich,Bread
Juice,Medialuna
Coffee,Sandwich,Alfajores,Coke,Crisps,Smoothies,Bread
Tea,Coffee,Cookies,Muffin
Juice,Coffee,Bread
Cake,Tea,Coffee,Cookies
Alfajores,Cake,Coffee,Brownie
Cake,Coffee,Granola,Tiffin
Cookies,Scone,Tea,Coffee,The Nomad,Granola,Pastry
Truffles,Coffee,Sandwich,Mineral water,Juice,Hot chocolate
Coffee,Muffin,Spanish Brunch,Pastry,Cake,Smoothies
Coffee,Tiffin,Bread
Coffee,Bread,Tiffin,Scone
Coffee,The Nomad
Cookies,Coffee,Hot chocolate,Bread
Cake,Pastry,Bread
Cake,Hearty & Seasonal,Coffee,Sandwich
Jam,Pastry,Bread
Juice,Cookies,Soup,Tea
Cake,Tea,Coffee,Cookies,Scone
Medialuna,Pastry,Bread
Coffee,Sandwich,Chicken Stew,Bread
Cake,Truffles,Spanish Brunch,Coffee
Juice,Cookies,Sandwich
Juice,Coke,Medialuna
Juice,Mighty Protein
Jammie Dodgers,Medialuna,Sandwich,Muffin
Alfajores,Sandwich
Coffee,Bread
Alfajores,Medialuna
Alfajores,Baguette,Brownie,Bread
Muffin,Coke,Sandwich,Coffee
Coffee,Kids biscuit
Tea,Chicken Stew
Tea,Coffee,Keeping It Local,Bread,Frittata
Coffee,Pastry,Bread
Cake,Juice
Tea,Coffee,Cookies
Medialuna,Coffee,Pastry,Hot chocolate,Bread
Toast,Cookies,Coffee,Mineral water
Tea,Pastry
Coffee,Scandinavian
Medialuna,Pastry
Alfajores,Juice,Cookies,Coffee,Focaccia
Tea,Hot chocolate,Cookies,Juice
Tiffin,Sandwich,Jammie Dodgers,Coffee,Smoothies,Bread
Medialuna,Pastry
Coffee,Medialuna,Pastry
Alfajores,Juice,Tea
Smoothies,Sandwich
Hearty & Seasonal,Coke
Toast,Muffin,Coffee
Duck egg,Coffee,Spanish Brunch
Coffee,Sandwich,Bread
Truffles,Soup
Toast,Cookies,Coffee
Tea,Coffee,Pastry
Scone,Alfajores,Tea,Coke,Brownie,Pastry
Coffee,Pastry
Scandinavian,Bread
Muffin,Brownie,Bread
Baguette,Cookies
Coffee,Bread,Brownie,Pastry
Juice,Crisps,Bread
Tea,Empanadas,Bread
Cake,Coffee,Scone
Alfajores,Coffee,Bread
Vegan mincepie,Coffee,Tea
Cookies,Mineral water,Coffee
Tea,Coffee,Sandwich,Salad
Tea,Medialuna,Brownie
Muffin,Sandwich,Bread
Sandwich,Jammie Dodgers,Brownie,Chicken Stew,Tea,Bread
Scone,The Nomad,Bread
Coffee,Brownie,Bread
Smoothies,Bread
Hearty & Seasonal,Coffee,Pastry,Bread
Alfajores,Coffee,Smoothies
Art Tray,Coffee
Soup,Coffee,Mineral water,Scandinavian
Coffee,Sandwich
Tea,Coffee,Muffin
Cake,Coffee,Sandwich
Cake,Soup,Hot chocolate,Medialuna,Coffee
Cake,Hot chocolate,Sandwich
Toast,Coffee,Sandwich,Alfajores,Tea,Cookies,Juice,Hot chocolate
Coffee,Extra Salami or Feta,Chicken Stew
Muffin,Coffee,Hot chocolate
Juice,Muffin
Cake,Tea,Coffee,Juice,Muffin
Coffee,Tiffin
Truffles,Coffee,Bread
Baguette,Bread
Muffin,Coffee,Medialuna
Tea,Tiffin,Coffee
Truffles,Tiffin,Coffee
Honey,Pastry,Bread
Coffee,Scone,Brownie,Juice,Frittata,Smoothies,Bread
Coffee,Medialuna,Cookies
Tea,Medialuna,Bread
Jam,Fudge,Pastry
Cookies,Coffee,Brownie
Keeping It Local,Coffee,Hot chocolate,Pastry
Cake,Tea,Coffee,Bakewell
Pastry,Bread
Tea,Coffee,Pastry
Tacos/Fajita,Toast,Coffee
Cake,Coffee,Smoothies,Bread
Truffles,Coffee,Spanish Brunch
Chicken Stew,Bread
Truffles,Mineral water
Alfajores,Tea,Hearty & Seasonal,Pastry
Coffee,Cookies,Bread
Coffee,Scone,Tea,Soup,Medialuna,Cake
Tartine,Hearty & Seasonal
Juice,Coke,Soup
Cake,Soup,Coffee
Alfajores,Tea,Coffee,Mineral water,Cookies
Cake,Juice,Bread,Jammie Dodgers
Coffee,Brownie
Muffin,Coffee,Hot chocolate,Scone
Juice,Coke,Medialuna,Sandwich
Cake,Coffee,Cookies
Tea,Hot chocolate
Tea,Coffee,Medialuna,Pastry
Tea,Hot chocolate
Eggs,Coffee,Pastry
Muffin,Pastry,Focaccia
Cake,Juice,Sandwich
Jammie Dodgers,Coffee,Cookies
Cake,Tea,Hot chocolate,Bread
Spanish Brunch,Hot chocolate,Smoothies
Tea,Coffee,Brownie
Cake,Coffee,Fudge,Bread
Cake,Tea,Bread
Tea,Soup,Sandwich,Bread
Cake,Tea,Cookies
Baguette,Spanish Brunch
Medialuna,Brownie,Chicken Stew,Scone
Coffee,Brownie,My-5 Fruit Shoot
Muffin,Pastry,Bread
Juice,Frittata,Scone
Alfajores,Pastry,Scandinavian
Brownie,Bread
Tea,Coffee
Medialuna,Pastry
Toast,Coffee
Coffee,Bread
Cake,Tea,Scone
Muffin,Soup,My-5 Fruit Shoot,Bread,Art Tray
Cake,Muffin,Mineral water,Bread
Juice,Coffee,Chocolates,Hot chocolate,Jammie Dodgers
Truffles,Scone
Tea,Coffee,Medialuna,Brownie,Bread
Hot chocolate,Bread
Alfajores,Tea,Bread,Brownie,Pastry
Alfajores,Jammie Dodgers,Coffee,Juice
Drinking chocolate spoons ,Hot chocolate
Cake,Juice,Coke,Sandwich,Tiffin
Spread,Fudge
Cake,Truffles,Coffee,Sandwich,Pastry
Tea,Coffee,Bread
Cake,Coffee,Sandwich
Hearty & Seasonal,Bread
Drinking chocolate spoons ,Coffee,Sandwich,Brownie,Bread
Tea,Coffee,Sandwich,Cookies
Focaccia,Bread
Cake,Coffee,Jam,Bread
Juice,Cookies,Coffee
Cake,Vegan mincepie,Tiffin,Jammie Dodgers
Coffee,Medialuna,Pastry
Tea,Cookies
Tea,Sandwich
Muffin,Medialuna,Brownie
Soup
Fudge,Pastry,Bread
Truffles,Hot chocolate
Hearty & Seasonal,Muffin,Coffee,Scandinavian
Cake,Truffles,Spanish Brunch
Coffee,The Nomad
Toast,Coffee,Hot chocolate,The Nomad,Medialuna,Pastry
Soup,Coffee,Jam,Muffin
Toast,Coffee
Cake,Tea,Toast
Truffles,Jammie Dodgers,Juice,Medialuna,Cake,Bread
Tea,Coffee,Sandwich,Bread
Cake,Tea,Medialuna
Muffin,Coffee,Bread
Coke,Coffee,Brownie
Coffee,Spanish Brunch,Extra Salami or Feta
Tea,Victorian Sponge
Jammie Dodgers,Scandinavian,Bread
Tea,Coffee,Medialuna,Pastry
Truffles,Coffee,Salad,Scone,Mineral water,Cookies,Soup,Bread
Vegan mincepie,Cookies,Tiffin,Bread
Juice,Cookies,Coffee
Cake,Coffee,Brownie
Alfajores,Coffee,Pastry,Bread
Coffee,Bread,Pastry,Dulce de Leche
Tea,Spanish Brunch
Postcard,Tshirt,Valentines card
Toast,Tea
Coffee,Medialuna,Bread
Cake,Hot chocolate,Coffee
Muffin,Hot chocolate,Coffee
Toast,Tiffin,Cookies,Bread
Coffee,Pastry,Bread
Juice,Coffee,Medialuna,Coke,Truffles
Coffee,Brownie,Juice,Medialuna,Pastry,Farm House
Alfajores,Coffee
Truffles,Coffee,Bread
Truffles,Farm House,Sandwich,Coffee,Bread
Farm House,Bread
Coffee,Brownie
Tea,Cookies,Bread
Soup,Coffee
Coffee,Medialuna,Pastry
Jammie Dodgers,My-5 Fruit Shoot,Bread,Caramel bites
Tea,Sandwich,Soup
Cake,Tea,Bread
Mineral water,Cookies
Cake,Muffin,Coffee
Muffin,Hot chocolate,Pastry,Coffee,Bread
Tea,Coffee,Focaccia
Coffee,Extra Salami or Feta,Salad,Bread
Truffles,Coffee,Pastry
Toast,Tea,Coffee
Juice,Cookies,Coffee,Scone
Jammie Dodgers,Coffee,Medialuna,Hot chocolate
Toast,Cookies
Coffee,Medialuna
Cake,Juice,Coffee,Brownie,Scone
Pastry,Bread
Juice,Coffee,Spanish Brunch,Bread
Tea,Coffee,Tiffin
Juice,Bread,Scone,Brownie,Pastry
Fudge,Scone
Pastry,Bread
Basket,Coffee,Hot chocolate,Farm House
Muffin,Pastry
Tea,Coffee,Sandwich,Coke,Spanish Brunch
The BART,Bread
Soup,Coffee,Muffin
Coffee,Medialuna,Brownie
Cake,Tea,Coffee,Muffin
Tea,Coffee,The Nomad
Cake,Coffee,Hot chocolate,Pastry
Tea,Cookies,Soup
Hot chocolate,Scone,Bread
Jammie Dodgers,Coffee,Frittata
Pastry,Scandinavian
Coffee,Sandwich,Spanish Brunch,Bread
Tea,Cookies,Truffles
Tea,Brownie
Soup,Coffee,Bakewell
Truffles,Coffee,Sandwich,Spanish Brunch,Brownie
Truffles,Coffee,Sandwich,Salad
Hearty & Seasonal,Cake,Coffee
Cookies,Farm House
Alfajores,Tea,Toast
Jam,Fudge,Focaccia
Cake,Brownie,Pastry
Farm House,Jam,Scandinavian
Coffee,Sandwich,Extra Salami or Feta,Salad
Farm House,Medialuna
Cake,Pastry,Bread
Muffin,Coffee,Extra Salami or Feta,Salad
Cake,Focaccia
Tea,Soup,Spanish Brunch,Chicken Stew,Bread
Hot chocolate,Tshirt,Bread
Tea,Coffee,Jam,Fudge,Bread
Cookies,Coffee
Tiffin,Jammie Dodgers,Coffee,Juice,Tea,Bread
Tea,Bread,Muffin
Alfajores,Scandinavian
Jam,Scandinavian,Bread
Pastry,Scone
Coffee,Medialuna,Bread
Muffin,Cookies,Coffee
Tea,Coffee,Bread,Scone
Alfajores,Coffee,Bread,Tiffin,Brownie
Toast,Coffee,Coke,Scone
Muffin,Coffee,Sandwich,Soup
Chicken Stew,Bread
Alfajores,Tea,Hot chocolate,Brownie,Bread
Toast,Coffee,Scone
Coffee,Scone,Hot chocolate,Bread
Tea,Coffee,Cookies
Tea,Hot chocolate,Bread,Cookies,Jammie Dodgers
Cake,Tea,Mineral water,Soup
Tea,Sandwich,Bread
Toast,Hot chocolate
Spanish Brunch,Coffee
Juice,Tea,Cookies,Sandwich,Bread
Alfajores,Baguette
Toast,Coffee,Bread
Alfajores,Bread
Keeping It Local,Bread,Brownie,Tea
Soup,Coke
Cake,Tea,Coffee,Brownie
Tea,Cookies,Pastry
Cookies,Frittata,Bread
Juice,Coffee,Mineral water,Soup
Cake,Jammie Dodgers,Coffee,Tiffin,Cookies
Muffin,Soup,Coffee,Bread
Cake,Muffin,Coffee
Muffin,Coffee,Pastry,Tea
Cake,Soup,Coffee,Sandwich,Tea
Soup,Coffee,Mighty Protein
Cake,Muffin,Coffee,Bread
Tea,Medialuna,Sandwich,Soup
Sandwich,Brownie
Muffin,Coffee,Scandinavian,Frittata
Toast,Coffee,Salad,Extra Salami or Feta
Gift voucher,Bread
Coffee,Sandwich,Smoothies,Brownie
Coffee,Fudge,Bread
Hot chocolate,Medialuna,Coffee,Pastry
Truffles,Coffee,Scone,Juice,Pastry,Bread
Cake,Tea,Scone,Bread
Cake,Tea,Hot chocolate,Pastry
Coffee,Sandwich,Spanish Brunch,Farm House,Bread
Olum & polenta,Bread
Tea,Coffee,Pastry,Bread
Tea,Coffee,Bread
Juice,Coffee,Sandwich,Crisps
Tea,Coffee,Pastry,Scone
Cookies
Vegan mincepie,Coffee,Pastry
Coffee,Frittata,Farm House,Bread
Cake,Tea,The Nomad
Tea,Vegan Feast
Alfajores,Tea,Sandwich
Medialuna,Pastry,Bread
Toast,Spanish Brunch,Sandwich,Chicken Stew,Medialuna,Cake
Cake,Tea,Brownie
Fudge,Dulce de Leche
Cake,Soup,Tea
Tiffin,Bread
Cake,Coffee,Medialuna,Hot chocolate
Farm House,Brownie
Cake,Mineral water,Pastry
Toast,Hot chocolate,Pastry
Alfajores,Cake,Coffee
Alfajores,Coffee,Fudge,Brownie
Medialuna
Hot chocolate,Coffee,Bread
Cake,Tiffin
Coffee,Medialuna,Mineral water,Tiffin,Brownie
Tea,Coffee,Juice
Cake,Tea,Hot chocolate
Alfajores,Coffee
Toast,Medialuna,Bread
Tea,Coke,Brownie
Tartine,Coffee,Pick and Mix Bowls,Jam
Tiffin,Farm House
Cake,Tea,Coffee
Bread,Frittata
Toast,Tea,Coffee,Bread
Cookies,Jam,Fudge
Toast,Coffee,Medialuna
Cake,Coffee,Cookies,Bread
Cake,Coffee,Pastry
Coffee,Pastry,Scandinavian
Tea,Coffee,Sandwich
Alfajores,Soup,Coffee,Sandwich
Baguette,Pastry,Bread
Toast,Coffee,Bread
Alfajores,Scandinavian
Tea,Brownie,Bread
Cake,Coffee,Pastry,Bread
Coffee,Bread,Frittata
Tea,Afternoon with the baker,Bread,Juice
Cake,Soup,Tea
Tea,Bread,Scone
Hearty & Seasonal,Soup,Coffee,Bread
Gingerbread syrup,Bread
Toast,Juice,Coffee,Salad,Extra Salami or Feta
Juice,Sandwich
Coffee,Brownie,Scone
Farm House,Pastry
Cake,Coffee,Bread
Coffee,Medialuna,Bread
Coffee,Granola,Bread
Tea,Sandwich,Brownie
Tea,Coffee,Tiffin,Chicken Stew,Bread
Vegan mincepie,Pastry,Frittata
Soup,Salad,Bread
Victorian Sponge,Bread
Brownie,Coke,Sandwich,Mineral water,Frittata
Focaccia,Pastry
Alfajores,Muffin
Cake,Tea,Coffee,Bread
Coffee,Granola
Cherry me Dried fruit,Coffee
Scandinavian,Bread
Muffin,Cookies,Sandwich,Bread
Art Tray,Coffee,Spanish Brunch
Hot chocolate,Cookies,Bread
Alfajores,Bread
Spanish Brunch,Chicken Stew
Coffee,Medialuna,Pastry
Coffee,The Nomad
Tea,Jam,Bread
Cake,Soup,Tea,Bread
Alfajores,Cake,Cookies,Bread
Alfajores,Coffee,Brownie,Bread
Hot chocolate,Scone,Brownie,Bread
Toast,Juice,Coffee,Sandwich,Baguette
Soup,Sandwich
Cake,Tea,Hot chocolate
Cake,Coffee,Medialuna
Pastry,Dulce de Leche
Coffee,Bakewell,Lemon and coconut,Bread
Coffee,Pastry,Chicken Stew
Alfajores,Coffee,Bread
Tea,Coffee,Hot chocolate
Juice,Mineral water,Truffles
Alfajores,Tea,Coffee
Alfajores,Tea,Coffee
Alfajores,Coffee,Bread
Hot chocolate,Brownie
Toast,Hot chocolate,Bakewell,Chicken Stew
Alfajores,Juice,Coffee
Coffee,Brownie,Pastry,Bread
Muffin,Cookies,Bread
Muffin,Medialuna,Pastry
Hot chocolate,Coffee
Juice,Coffee,Sandwich,The Nomad,Bread
Tea,Coffee,Cookies,Art Tray
Cake,Coffee,Brownie
Cake,Coffee,Cookies
Cake,Coffee,Cookies,Bread
Toast,Coffee,Alfajores,Tea,Cake,Bread
Alfajores,Cake,Brownie
Tea,Coke,Medialuna,Hot chocolate
Alfajores,Tea,Medialuna,Bread
Soup,Coffee,Pastry,Chicken Stew
Coffee,Jam,Pastry
Alfajores,Cake,Medialuna,Pastry
Cake,Jammie Dodgers,Coffee,Tea,Bread
Tshirt,Fudge
Truffles,Coffee,Cookies,Juice,Crisps,Frittata,Bread
Alfajores,Coffee,Bread
Tea,Coffee,Keeping It Local
Hack the stack,Tea,Art Tray,My-5 Fruit Shoot
Cake,Jammie Dodgers,Hot chocolate,Bread
Hot chocolate,Half slice Monster ,My-5 Fruit Shoot
Cookies,Coffee,Hot chocolate,Vegan mincepie
Coffee,Bread
Muffin,Bowl Nic Pitt,Coffee,Frittata
Smoothies,Coffee,Sandwich,Coke
Hearty & Seasonal,Tea,Juice
Art Tray,Coffee,Spanish Brunch,Salad,Soup
Muffin,Jam
Juice,Pastry,Scandinavian
Jammie Dodgers,Coffee,Sandwich
Raspberry shortbread sandwich,Tea,Brownie
Soup,Bread
Tea,Coffee,Sandwich
Jam,The Nomad,Bread
Cake,Juice,Soup,Muffin
Muffin,Coffee,Bread
Juice,Soup,Tea
Coffee,Salad
Coffee,Frittata,Pastry,Bread
Spanish Brunch,Coke,Salad
Focaccia,Farm House,Brownie,Pastry
Cake,Tea,Coffee
Muffin,Hot chocolate
Alfajores,Tea,Medialuna,Jam,Bread
Coffee,Sandwich,Hearty & Seasonal,Pick and Mix Bowls,Focaccia,Bread
Coffee,Pastry
Soup,Coffee,Brownie
Toast,Coffee,Mineral water,Bread
Coffee,Pastry,Bread
Cake,Tiffin,Coffee,Hot chocolate,Bread
Cookies,Bread
Cake,Soup,Chicken Stew,Scone
Chimichurri Oil,Farm House
Cake,Tiffin,Coffee
Tea,Pastry
Toast,Coffee,Chicken Stew
Tea,Scandinavian
Smoothies,Bread
Cookies,Sandwich
Coffee,Cookies,Bread
Alfajores,Hot chocolate,Coffee
Toast,Juice
Cookies,Afternoon with the baker,Brownie
Soup,Spanish Brunch,Coffee
Toast,Coffee,Hot chocolate
Tea,Coffee,Pastry,Bread
Coffee
Alfajores,Tea,Coffee,Bakewell,Bread
Tea,Hot chocolate,Vegan mincepie,Bread
Baguette,Cookies,Hot chocolate,Brownie,Pastry,Coffee
Coffee,Medialuna
Ellas Kitchen Pouches,Bare Popcorn
Tea,Vegan mincepie,Sandwich,Juice
Coffee,Pastry
Tea,Spanish Brunch,Coffee
Cake,Truffles,Cookies
Coffee,Pastry,Bread
Truffles,Tiffin,Pastry,Soup,Bread
Coffee,Brownie,Pastry
Cake,Tea,Coffee,Scandinavian,Bread
Baguette,Coffee
Tea,Coffee,Medialuna,Jammie Dodgers,Vegan mincepie
Jam,Coffee,Medialuna,Bread
Hot chocolate,Brownie,Bread
Alfajores,Fudge,Bread
Focaccia,Scandinavian
Tea,Pastry
Truffles,Coffee,Sandwich,Bread
Alfajores,Coffee
Toast,Tea,Coffee,Brownie
Cake,Coffee granules 
Soup,Coffee,Sandwich,Pastry
Cake,Truffles
Frittata,Bread
Soup,Coffee,Farm House,Bread
Mineral water,Alfajores,Brownie,Cake,Smoothies,Bread
Cake,Juice,Bread,Tea
Farm House,Medialuna,Coffee,Bread
Tea,Coffee,Medialuna
Farm House,Hot chocolate
Muffin,Coffee,Medialuna,Juice
Cake,Jammie Dodgers,Bread
Alfajores,Crepes,Scone
Cookies,Coffee,Pastry
Tea,Afternoon with the baker,Granola,Argentina Night
Cake,Baguette
Juice,Medialuna,Pastry
Juice,Coffee,Tiffin,Brownie
Tea,Coffee,Sandwich
Juice,Chicken Stew
Cake,Half slice Monster 
Hearty & Seasonal,Juice,Coffee,Smoothies,Soup
Alfajores,Soup,Sandwich,Tea
Toast,Coffee,Scandinavian
Cake,Hot chocolate,My-5 Fruit Shoot
Truffles,Coffee,Bread
Coffee,Jam
Hearty & Seasonal,Coffee
Smoothies,Sandwich
Juice,Baguette
Hot chocolate,Medialuna,Coffee,Bread
Tacos/Fajita,Truffles,Cake,Bread
Juice,Bread
Coffee,Salad,Scandinavian
Toast,Tea,Baguette
Tiffin,Chicken Stew,Bread
Spanish Brunch,Salad,Tea,Coffee,Pastry,Cake
Juice,Hot chocolate,Chocolates,Coke,Tea
Cookies,Coffee,Hot chocolate,Scone
Hot chocolate,Medialuna
Muffin,Cookies,Pastry
Hearty & Seasonal,Soup,Mineral water
Toast,Tea,Hot chocolate,Sandwich
Tea,Coffee,Kids biscuit,Caramel bites
Brownie,Scone
Jammie Dodgers,Coffee
Cake,Cookies,Coffee
Coffee,Spanish Brunch,Salad,Bread
Truffles,Coffee,Sandwich
Farm House,Bakewell
Cake,Jammie Dodgers,Bread
Truffles,Spanish Brunch,Sandwich,Juice
Hearty & Seasonal,Tea,Farm House
Hot chocolate,Brownie
Tartine,Jam,Bread
Cake,Juice,Jammie Dodgers,Bread
Coffee,Fudge
Coke,Chicken Stew
Tea,Hot chocolate,Soup,Victorian Sponge
Alfajores,Coffee,Brownie
Coffee,Pastry
Tea,Frittata
Crepes,Bread
Spanish Brunch,Hot chocolate
Alfajores,Tea,Pastry
Empanadas,Coffee,Medialuna,Bread
Muffin,Sandwich,Bread
Hot chocolate,Coffee,Pastry,Bread
Tartine,Art Tray
Alfajores,Medialuna,Scandinavian
Coffee granules ,Mortimer
Cake,Juice,Coffee,Hot chocolate
Coffee,Pastry,Farm House
Alfajores,Muffin,Hot chocolate,Bread
Juice,Mineral water,Sandwich,Pick and Mix Bowls
Cake,Coffee,Cookies,Coke
Alfajores,Tea,Hot chocolate
Cake,Tea,Coffee,Muffin
Cake,Tea,Sandwich,Chicken Stew
Tea,Bakewell
Toast,Tea,Coffee
Focaccia,Bread
Cake,Coffee,Bread
Tea,Hot chocolate,Brownie,Truffles
Coffee,Medialuna,Mineral water,Bread
Toast,Coffee,Medialuna
Cake,The Nomad
Truffles,Sandwich,Tea
Tea,Coffee,Bread,Scone
Cake,Smoothies,Coffee
Cake,Juice,Coffee,Cookies
Cookies,Smoothies,Coffee,Bread
Medialuna,Bread
Coffee,Sandwich
Tea,Scone
Muffin,Baguette,Cake,Scandinavian
Cake,Coffee,Tiffin,Bread
Tea,Frittata,Bread,Scone
Tea,Muffin
Art Tray,Coffee,Chicken Stew
Soup,Pastry,Tea
Bread
Truffles,Medialuna,Tea
Hot chocolate,Pastry,Bread
Cake,Coffee,Hot chocolate,Bread
Cake,Truffles,Coffee,Vegan mincepie
Farm House,Medialuna
Hot chocolate,Pastry,Bread
Postcard,Tshirt,Nomad bag
Toast,Coffee,Sandwich
Truffles,Frittata
Coffee,Medialuna,Cookies
Truffles,Sandwich
Gingerbread syrup,Jam,Fudge
Coffee,Bread
Coffee,Sandwich,Salad
Coffee,Hot chocolate,Brownie
Coffee,Scone
Muffin,Tiffin
Cake,Coffee
Soup,Cookies,Scone,Bread
Alfajores,Tea,Coffee
Spanish Brunch,Alfajores,Tea,The Nomad,Juice,Cake,Art Tray,Hot chocolate
Soup,Coffee,Chicken Stew,Tea
Cake,Coffee,Bread
Jam
Cookies,Farm House,Bread
Alfajores,Juice,Bread
Tea,Tiffin
Juice,Coffee,Bakewell,Hot chocolate,Pastry
Toast,Muffin,Smoothies,Hot chocolate
Fudge,Bread
Truffles,Hot chocolate,Spanish Brunch
Sandwich,Pastry,Bread
Tea,Coffee
Coffee,Spanish Brunch
Soup,Truffles
Cake,Soup
Coffee,Bread
Truffles,Sandwich,Crisps
Cake,Tea,Coffee,Alfajores
Cake,Hot chocolate,Bread
Bread
Keeping It Local,Bread
Tea,Coffee
Alfajores,Hot chocolate,Bread
Coffee,Smoothies,Frittata
Toast,Coffee,Spanish Brunch,Extra Salami or Feta
Pastry,Bread
Coffee,Brownie
Juice,Medialuna,Bread,Tea
Juice,Cookies,Brownie,Tea
Drinking chocolate spoons ,Coffee,Bread
Cake,Cookies,Bread
Farm House,Focaccia
Cake,Tea,Coffee,Scone
Cake,Tea,Hot chocolate,Medialuna
Alfajores,Truffles,Coffee,Brownie
Tiffin,Bread
Hot chocolate
Tea,Sandwich
Alfajores,Cookies,Medialuna,Pastry
Cookies,Coffee,Brownie,Spanish Brunch,The Nomad
Juice,Coffee,Pastry
Juice,Coffee,Cookies,Bread
Coffee,Medialuna,Hot chocolate
Juice,Sandwich
Tea,Coffee,Medialuna
Coffee,Medialuna,Farm House,Bread
Alfajores,Juice,My-5 Fruit Shoot,Bread
Tea,Bread
Toast,Tea,Coffee,Farm House,Scandinavian
Tea,Pastry,Bread
Scone,Bread
Coffee,Sandwich,Bread
Toast,Coffee,Bread
Cake,Bakewell,Bread
Coffee,Scone
Toast,Coffee,Scandinavian
Mineral water,Brownie,Bread
Coffee,Focaccia
Hearty & Seasonal,Coffee,Sandwich,Bread
Tea,Coffee,Pastry,Muffin
Sandwich,Coffee,Medialuna
Coffee,Scandinavian
Tea,Medialuna,Truffles
Brownie,Bread
Cake,Jam
Muffin,Kids biscuit,Bread
Alfajores,Baguette,Coffee,Pastry
Medialuna,Focaccia
Cake,Tea,Juice,Jammie Dodgers
Baguette,Scandinavian
Coffee,Medialuna,Pastry,Bread
Truffles,Coke,Sandwich,Coffee
Cake,Afternoon with the baker
Coffee,Frittata
Tea,Coffee,Fudge,Muffin
Coffee,Pastry,Bread
Coffee,Cookies,Bread
Soup,Coffee,Juice
Jammie Dodgers,Coffee,Truffles
Truffles,Coffee,Bread
Alfajores,Tea,Coffee,Medialuna
Coffee,Spanish Brunch
Juice,Cookies,Pastry,Coffee
Tea,Coffee,Coke
Muffin,Coke,Coffee
Jammie Dodgers,Coffee,Scone
Coffee,Medialuna,Bread
Cake,Soup,Coffee
Alfajores,Juice,Coffee
Baguette,Coffee
Coffee,Jam,Hot chocolate,Pastry
Cake,Coke,Sandwich,Crisps
Cookies,Sandwich,Coffee
Cake,Tea,Hot chocolate,Muffin,Truffles
Coffee,Jam
Tea,Smoothies,Hot chocolate,Jammie Dodgers
Muffin,Coffee,Mineral water,Juice
Baguette,Hot chocolate
Cake,Scandinavian,Scone
Alfajores,Coffee,Pastry,Bread
Coffee,Fudge,Bread
Alfajores,Tea,Bread
Toast,Tea,Brownie,Pastry,Cake,Bread
Cake,Juice,Coffee
Tea,Medialuna,Sandwich
Cake,Coffee,Cookies
Coffee,Bread
Gingerbread syrup,Coffee
Alfajores,Muffin,Hot chocolate,Brownie,Coffee
Tartine,Tea
Farm House,Medialuna,Pastry
Coffee,Sandwich,Salad
Tea,Coke,Bread,Truffles
Muffin,Bread
Alfajores,Coffee,Bread
Jam,Fudge
Tea,Lemon and coconut,Scone
Keeping It Local,Coffee,Pastry
Hot chocolate,Fudge
Cake,Tea,Coffee,Sandwich,Scone
Juice,Sandwich,Bread
Keeping It Local,Coffee,Bread
Jam,Bread
Jammie Dodgers,Coffee,Sandwich,Tiffin
Cake,Hot chocolate,Coffee
Cake,Coffee,Hot chocolate
Cake,Coffee,Sandwich
Baguette,Farm House
Coffee,Medialuna,Pastry,Farm House,Bread
Tartine,Tea,Muffin
Cookies,Coffee,Bread
Baguette,Farm House
Cake,Muffin
Toast,Juice,Hot chocolate,Chicken Stew,Tea
Cake,Coffee,Bread
Jam,Pastry,Bread
Juice,Coke,Chicken Stew
Cake,Tea,Coffee,Brioche and salami,Scone
Tartine,Tea
Cake,Mineral water
Cake,Tea,Coffee,Medialuna
Soup,Coffee,Medialuna
Granola,Pastry,Bread
Cake,Soup,Coffee
Alfajores,Cookies,Mineral water,Hot chocolate,Coffee
Juice,Coffee,Scone,Bread
Coffee,Pastry,Scone
Alfajores,Farm House,Medialuna,Scandinavian
Alfajores,Coffee,Pastry,Bread
Alfajores,Coffee,Medialuna,Pastry
Coffee,Pastry,Bread
Hearty & Seasonal,Soup,Coffee
Cake,Scandinavian
Juice,Coffee,Brownie
Cake,Alfajores,Coffee,Brownie
Tea,Coffee,Bread,Soup
Cake,Tea,Coffee,Jammie Dodgers
Cake,Scandinavian,Scone
Truffles,Mineral water,Soup
Coffee,Bread,Scone
Juice,Coke,Sandwich,Bread
Coffee,Medialuna,Pastry,Bread
Coffee,Sandwich,Mineral water,Bread
Toast,Tea,Cookies
Coffee,Brownie,Bread
Muffin,Cookies
Coffee,Chicken Stew
Tea,Coffee,Mineral water
Cake,Coffee,Scone
Toast,Cookies,Bread,Spanish Brunch,Coffee
Truffles,Spanish Brunch,Sandwich,Coffee
Granola,Scandinavian
Cookies,Hot chocolate,Scandinavian,Coffee,Bread
Jam,Scandinavian
Soup,Chicken Stew
Tea,Polenta
Cake,Coffee,Sandwich
Soup,Sandwich
Coffee
Vegan mincepie,Hot chocolate,Coffee,Bread
Alfajores,Coffee,Pastry,Farm House
My-5 Fruit Shoot,Brownie,Scandinavian
Coffee,Cookies,Scandinavian
Cake,Cookies,Mineral water,Hot chocolate
Alfajores,Coffee,Spanish Brunch
Cake,Fudge
Focaccia,Fairy Doors
Toast,Hot chocolate,Medialuna,Bread
Cake,Baguette,Coffee,Pastry,Truffles
Coffee,Sandwich,Coke
Cake,Alfajores,Coffee,Tea
Coffee,Medialuna,Pastry
Muffin,Hot chocolate,Smoothies,Bread
Juice,Mineral water,Soup
Cake,Coffee,Salad
Cake,Muffin,Tea,Scone
Tacos/Fajita,Cake,Coffee
Muffin,Coffee,Medialuna,Scandinavian,Bread
Coffee,Medialuna,Pastry
Farm House,Cookies,Frittata
Brownie,Focaccia
Cake,Jammie Dodgers,Bread
Muffin,Scandinavian
Tea,Farm House,Pastry
Alfajores,Tea,Hot chocolate
Tea,Tiffin,Scone
Cake,Hot chocolate,Brownie
Cake,Tea,Coffee,Jammie Dodgers
Tartine,Tea,Sandwich,Bread
Cookies,Coffee,Hot chocolate
Juice,Coffee,Cookies
Coffee,Sandwich,Bread
Alfajores,Brioche and salami,Bread
Cake,Juice,Sandwich
Cake,Tea,Coffee,Smoothies
Tshirt,Coke
Muffin,Pastry,Scandinavian
Tartine,Tea,Coffee
Cake,Alfajores,Coffee,Pastry,Bread
Juice,Jammie Dodgers,Coffee,Muffin
Hot chocolate,Sandwich,Brownie,Coffee
Cake,Tiffin,Bread
Toast,Coffee,Sandwich
Cake,Tea,Coffee
Toast,Hot chocolate,Sandwich,Cookies
Hearty & Seasonal,Coffee,Bread
Cake,Baguette,Coffee,Bread
Cake,Bread
Hearty & Seasonal,Coffee,Medialuna
Sandwich,Bread
Coffee,Sandwich,Brownie
Coffee,Jam
Truffles,Pastry
Coffee,Medialuna,Scone
Toast,Hot chocolate,Coffee
Toast,Juice,Coffee
Afternoon with the baker,Hot chocolate,Bread,Smoothies,The Nomad
Cake,Muffin,Alfajores
Hearty & Seasonal,Muffin,Sandwich,Brownie,Bread
Muffin,Tea,Pastry,Bread
Juice,Coffee,Cookies
Cake,Juice,Hot chocolate,Coffee
Baguette,Bakewell
Alfajores,Tea,Coffee
Cake,Truffles
Tea,Coffee,Pastry,Bread
Basket,Coffee,Hot chocolate
Hot chocolate,Sandwich,Bread
Jammie Dodgers,Coffee,Hot chocolate,Brownie
Cake,Tea,Bread
Juice,Coffee,Spanish Brunch
Cake,Coffee,Pastry
Muffin,Bread,Frittata
Tea,The Nomad,Pastry
Alfajores,Coffee,Sandwich
Soup,Brownie
Medialuna,Coffee,Sandwich
Cake,Tea,Scone,Juice
Alfajores,Truffles,Coffee,Scone
Coffee,Scone,Bread
Cake,Tea,Bread,Scone,Soup
Tiffin,Hot chocolate
Cake,Coffee,Cookies
Hot chocolate,Coffee,Pastry
Soup,Kids biscuit
Tacos/Fajita,Juice
Coke,Bread
Cake,Tea
Hearty & Seasonal,Tea,Coffee
Tacos/Fajita,Coffee,Coke
Coffee,Scone
Cake,Coffee,Pastry
Toast,Bread
Baguette,Bread
Tiffin,Bread
Tea,Soup,Scone
Soup,Coffee,Bread
Tea,Coffee,Hot chocolate,Cookies,Bread
Alfajores,Juice,Coffee,Pastry
Juice,Bread,Tea
